{
    "delete_[ratio]_[1]": {
        "before_topoinf": {
            "test_acc_list": [
                0.809,
                0.801,
                0.816,
                0.797,
                0.812,
                0.811,
                0.784,
                0.81,
                0.811,
                0.812
            ],
            "test_acc_mean": 80.63000000000001,
            "test_acc_uncertainty": 0.5402500000000003,
            "test_acc_std": 0.9143850392476888
        },
        "before_retrain": {
            "test_acc_list": [
                0.8112,
                0.8112,
                0.8162,
                0.8012,
                0.8122,
                0.8102,
                0.7852,
                0.8122,
                0.8082,
                0.8162
            ],
            "test_acc_mean": 80.84,
            "test_acc_uncertainty": 0.6100000000000136,
            "test_acc_std": 0.871550342780039
        },
        "after_retrain": {
            "test_acc_list": [
                0.8012,
                0.8082,
                0.8072,
                0.7992,
                0.8142,
                0.8042,
                0.8042,
                0.8102,
                0.8142,
                0.8032
            ],
            "test_acc_mean": 80.66,
            "test_acc_uncertainty": 0.3100000000000023,
            "test_acc_std": 0.4882622246293482
        }
    },
    "delete_[ratio]_[2]": {
        "before_topoinf": {
            "test_acc_list": [
                0.809,
                0.801,
                0.816,
                0.797,
                0.812,
                0.811,
                0.784,
                0.81,
                0.811,
                0.812
            ],
            "test_acc_mean": 80.63000000000001,
            "test_acc_uncertainty": 0.6099999999999994,
            "test_acc_std": 0.9143850392476888
        },
        "before_retrain": {
            "test_acc_list": [
                0.7966000000000001,
                0.8106000000000001,
                0.8106000000000001,
                0.7966000000000001,
                0.8176000000000001,
                0.8066000000000001,
                0.8086000000000001,
                0.8086000000000001,
                0.8116000000000001,
                0.8096000000000001
            ],
            "test_acc_mean": 80.77000000000001,
            "test_acc_uncertainty": 0.36000000000001364,
            "test_acc_std": 0.6187891401761989
        },
        "after_retrain": {
            "test_acc_list": [
                0.7946000000000001,
                0.7976000000000001,
                0.8126000000000001,
                0.8056000000000001,
                0.8196,
                0.8086000000000001,
                0.7996000000000001,
                0.8066000000000001,
                0.8156000000000001,
                0.8216
            ],
            "test_acc_mean": 80.82000000000001,
            "test_acc_uncertainty": 0.539999999999992,
            "test_acc_std": 0.8742997197757731
        }
    },
    "delete_[ratio]_[3]": {
        "before_topoinf": {
            "test_acc_list": [
                0.809,
                0.801,
                0.816,
                0.797,
                0.812,
                0.811,
                0.784,
                0.81,
                0.811,
                0.812
            ],
            "test_acc_mean": 80.63000000000001,
            "test_acc_uncertainty": 0.6600000000000108,
            "test_acc_std": 0.9143850392476888
        },
        "before_retrain": {
            "test_acc_list": [
                0.7934156059729383,
                0.8074156059729383,
                0.8134156059729383,
                0.8074156059729383,
                0.8194156059729382,
                0.8084156059729383,
                0.7974156059729383,
                0.8084156059729383,
                0.8154156059729383,
                0.8254156059729382
            ],
            "test_acc_mean": 80.96156059729383,
            "test_acc_uncertainty": 0.5700000000000074,
            "test_acc_std": 0.9042123644365843
        },
        "after_retrain": {
            "test_acc_list": [
                0.8054156059729383,
                0.8194156059729382,
                0.8174156059729383,
                0.8124156059729383,
                0.8154156059729383,
                0.8154156059729383,
                0.8084156059729383,
                0.8144156059729383,
                0.8134156059729383,
                0.8134156059729383
            ],
            "test_acc_mean": 81.35156059729381,
            "test_acc_uncertainty": 0.23000000000000398,
            "test_acc_std": 0.38845849199110005
        }
    },
    "delete_[ratio]_[4]": {
        "before_topoinf": {
            "test_acc_list": [
                0.809,
                0.801,
                0.816,
                0.797,
                0.812,
                0.811,
                0.784,
                0.81,
                0.811,
                0.812
            ],
            "test_acc_mean": 80.63000000000001,
            "test_acc_uncertainty": 0.6005000000000109,
            "test_acc_std": 0.9143850392476888
        },
        "before_retrain": {
            "test_acc_list": [
                0.812858571279793,
                0.817858571279793,
                0.818858571279793,
                0.810858571279793,
                0.816858571279793,
                0.816858571279793,
                0.805858571279793,
                0.812858571279793,
                0.811858571279793,
                0.812858571279793
            ],
            "test_acc_mean": 81.37585712797929,
            "test_acc_uncertainty": 0.23999999999999488,
            "test_acc_std": 0.3726929030716871
        },
        "after_retrain": {
            "test_acc_list": [
                0.804858571279793,
                0.815858571279793,
                0.8218585712797929,
                0.805858571279793,
                0.810858571279793,
                0.813858571279793,
                0.802858571279793,
                0.795858571279793,
                0.805858571279793,
                0.814858571279793
            ],
            "test_acc_mean": 80.9258571279793,
            "test_acc_uncertainty": 0.44999999999998863,
            "test_acc_std": 0.7213875518748569
        }
    },
    "delete_[ratio]_[5]": {
        "before_topoinf": {
            "test_acc_list": [
                0.809,
                0.801,
                0.816,
                0.797,
                0.812,
                0.811,
                0.784,
                0.81,
                0.811,
                0.812
            ],
            "test_acc_mean": 80.63000000000001,
            "test_acc_uncertainty": 0.5599999999999881,
            "test_acc_std": 0.9143850392476888
        },
        "before_retrain": {
            "test_acc_list": [
                0.807,
                0.811,
                0.824,
                0.805,
                0.8140000000000001,
                0.812,
                0.802,
                0.796,
                0.805,
                0.8140000000000001
            ],
            "test_acc_mean": 80.9,
            "test_acc_uncertainty": 0.47025000000000716,
            "test_acc_std": 0.736206492772236
        },
        "after_retrain": {
            "test_acc_list": [
                0.794,
                0.811,
                0.822,
                0.796,
                0.8170000000000001,
                0.823,
                0.806,
                0.8,
                0.801,
                0.823
            ],
            "test_acc_mean": 80.93,
            "test_acc_uncertainty": 0.6699999999999875,
            "test_acc_std": 1.084481442902547
        }
    },