{"none": {"test_acc_list": [0.779, 0.766, 0.772, 0.77, 0.774], "test_acc_mean": 77.22, "test_acc_uncertainty": 0.4000000000000057, "test_acc_std": 0.4308131845707642}, "pos": {"0.0": {"test_acc_list": [0.779, 0.766, 0.772, 0.77, 0.777], "test_acc_mean": 77.28, "test_acc_uncertainty": 0.4399999999999977, "test_acc_std": 0.47074409183759636}, "0.04966139954853273": {"test_acc_list": [0.784, 0.766, 0.769, 0.784, 0.774], "test_acc_mean": 77.54, "test_acc_uncertainty": 0.6599999999999966, "test_acc_std": 0.747261667690779}, "0.09932279909706546": {"test_acc_list": [0.774, 0.764, 0.777, 0.762, 0.78], "test_acc_mean": 77.14, "test_acc_uncertainty": 0.6199999999999903, "test_acc_std": 0.714422843979669}, "0.1489841986455982": {"test_acc_list": [0.782, 0.776, 0.77, 0.786, 0.779], "test_acc_mean": 77.86000000000001, "test_acc_uncertainty": 0.5000000000000142, "test_acc_std": 0.5425863986500233}, "0.1986455981941309": {"test_acc_list": [0.78, 0.773, 0.777, 0.765, 0.778], "test_acc_mean": 77.46000000000001, "test_acc_uncertainty": 0.5400000000000063, "test_acc_std": 0.531413210223457}, "0.24830699774266365": {"test_acc_list": [0.783, 0.769, 0.768, 0.778, 0.78], "test_acc_mean": 77.56, "test_acc_uncertainty": 0.539999999999992, "test_acc_std": 0.601996677731695}, "0.2979683972911964": {"test_acc_list": [0.787, 0.767, 0.775, 0.774, 0.776], "test_acc_mean": 77.58000000000001, "test_acc_uncertainty": 0.6204999999999927, "test_acc_std": 0.6431174076325411}, "0.3476297968397291": {"test_acc_list": [0.781, 0.762, 0.78, 0.766, 0.764], "test_acc_mean": 77.05999999999999, "test_acc_uncertainty": 0.7000000000000313, "test_acc_std": 0.8187795796183501}, "0.3972911963882618": {"test_acc_list": [0.767, 0.779, 0.78, 0.753, 0.76], "test_acc_mean": 76.78, "test_acc_uncertainty": 0.9200000000000017, "test_acc_std": 1.0533755265810976}, "0.4469525959367946": {"test_acc_list": [0.771, 0.772, 0.762, 0.763, 0.766], "test_acc_mean": 76.67999999999999, "test_acc_uncertainty": 0.35999999999999943, "test_acc_std": 0.4069397989875187}, "0.4966139954853273": {"test_acc_list": [0.778, 0.771, 0.773, 0.764, 0.765], "test_acc_mean": 77.02000000000001, "test_acc_uncertainty": 0.4399999999999977, "test_acc_std": 0.5192301994298846}, "0.54627539503386": {"test_acc_list": [0.767, 0.74, 0.779, 0.767, 0.761], "test_acc_mean": 76.28, "test_acc_uncertainty": 1.2000000000000028, "test_acc_std": 1.2812493902437594}}, "neg": {"0.0": {"test_acc_list": [0.779, 0.765, 0.772, 0.77, 0.777], "test_acc_mean": 77.26, "test_acc_uncertainty": 0.4200000000000017, "test_acc_std": 0.500399840127874}, "0.04966139954853273": {"test_acc_list": [0.784, 0.764, 0.77, 0.771, 0.765], "test_acc_mean": 77.08000000000001, "test_acc_uncertainty": 0.6800000000000068, "test_acc_std": 0.7138627319029909}, "0.09932279909706546": {"test_acc_list": [0.763, 0.779, 0.764, 0.764, 0.757], "test_acc_mean": 76.53999999999999, "test_acc_uncertainty": 0.7400000000000091, "test_acc_std": 0.7282856582413262}, "0.1489841986455982": {"test_acc_list": [0.779, 0.769, 0.782, 0.77, 0.774], "test_acc_mean": 77.47999999999999, "test_acc_uncertainty": 0.46050000000001035, "test_acc_std": 0.5035871324805672}, "0.1986455981941309": {"test_acc_list": [0.783, 0.772, 0.777, 0.772, 0.77], "test_acc_mean": 77.47999999999999, "test_acc_uncertainty": 0.44000000000001194, "test_acc_std": 0.4707440918375914}, "0.24830699774266365": {"test_acc_list": [0.775, 0.771, 0.768, 0.767, 0.775], "test_acc_mean": 77.12, "test_acc_uncertainty": 0.29999999999999716, "test_acc_std": 0.33704599092705406}, "0.2979683972911964": {"test_acc_list": [0.768, 0.769, 0.763, 0.772, 0.769], "test_acc_mean": 76.82000000000001, "test_acc_uncertainty": 0.28000000000001535, "test_acc_std": 0.2925747767665583}, "0.3476297968397291": {"test_acc_list": [0.77, 0.768, 0.776, 0.757, 0.757], "test_acc_mean": 76.56, "test_acc_uncertainty": 0.6400000000000148, "test_acc_std": 0.7499333303701079}, "0.3972234762979684": {"test_acc_list": [0.759, 0.754, 0.759, 0.758, 0.744], "test_acc_mean": 75.47999999999999, "test_acc_uncertainty": 0.5, "test_acc_std": 0.5706137047074833}, "0.4467720090293454": {"test_acc_list": [0.741, 0.754, 0.73, 0.743, 0.737], "test_acc_mean": 74.1, "test_acc_uncertainty": 0.7400000000000091, "test_acc_std": 0.7874007874011825}, "0.49575620767494355": {"test_acc_list": [0.734, 0.735, 0.733, 0.727, 0.729], "test_acc_mean": 73.16, "test_acc_uncertainty": 0.28000000000000114, "test_acc_std": 0.3072458299147455}, "0.5448532731376975": {"test_acc_list": [0.73, 0.73, 0.725, 0.73, 0.728], "test_acc_mean": 72.86, "test_acc_uncertainty": 0.20000000000000284, "test_acc_std": 0.19595917942265442}}}