{"none": {"test_acc_list": [0.792, 0.777, 0.778, 0.779, 0.775], "test_acc_mean": 78.02000000000001, "test_acc_uncertainty": 0.6004999999999967, "test_acc_std": 0.6046486583132398}, "pos": {"0.0": {"test_acc_list": [0.792, 0.777, 0.778, 0.779, 0.775], "test_acc_mean": 78.02000000000001, "test_acc_uncertainty": 0.6199999999999903, "test_acc_std": 0.6046486583132398}, "0.04966139954853273": {"test_acc_list": [0.795, 0.766, 0.784, 0.775, 0.795], "test_acc_mean": 78.3, "test_acc_uncertainty": 0.980000000000004, "test_acc_std": 1.1331372379372253}, "0.09932279909706546": {"test_acc_list": [0.775, 0.776, 0.781, 0.773, 0.785], "test_acc_mean": 77.80000000000001, "test_acc_uncertainty": 0.3810000000000002, "test_acc_std": 0.4381780460041339}, "0.1489841986455982": {"test_acc_list": [0.783, 0.793, 0.785, 0.775, 0.777], "test_acc_mean": 78.26, "test_acc_uncertainty": 0.5600000000000023, "test_acc_std": 0.6374950980203676}, "0.1986455981941309": {"test_acc_list": [0.786, 0.771, 0.779, 0.771, 0.774], "test_acc_mean": 77.62, "test_acc_uncertainty": 0.5400000000000063, "test_acc_std": 0.5706137047074842}, "0.24830699774266365": {"test_acc_list": [0.78, 0.779, 0.784, 0.78, 0.78], "test_acc_mean": 78.06, "test_acc_uncertainty": 0.18000000000000682, "test_acc_std": 0.17435595774162813}, "0.2979683972911964": {"test_acc_list": [0.771, 0.767, 0.767, 0.73, 0.759], "test_acc_mean": 75.88, "test_acc_uncertainty": 1.4799999999999898, "test_acc_std": 1.4918444959177235}, "0.3476297968397291": {"test_acc_list": [0.763, 0.758, 0.744, 0.734, 0.782], "test_acc_mean": 75.61999999999999, "test_acc_uncertainty": 1.440000000000012, "test_acc_std": 1.6473008225579182}, "0.3972911963882618": {"test_acc_list": [0.78, 0.777, 0.765, 0.733, 0.784], "test_acc_mean": 76.78, "test_acc_uncertainty": 1.9000000000000057, "test_acc_std": 1.8519179247472088}, "0.4469525959367946": {"test_acc_list": [0.784, 0.769, 0.761, 0.765, 0.762], "test_acc_mean": 76.82, "test_acc_uncertainty": 0.8200000000000216, "test_acc_std": 0.8376156636548797}, "0.4966139954853273": {"test_acc_list": [0.765, 0.771, 0.753, 0.767, 0.757], "test_acc_mean": 76.26, "test_acc_uncertainty": 0.6000000000000085, "test_acc_std": 0.6621178142898768}, "0.54627539503386": {"test_acc_list": [0.773, 0.77, 0.764, 0.766, 0.774], "test_acc_mean": 76.94000000000001, "test_acc_uncertainty": 0.3400000000000176, "test_acc_std": 0.3878143885933065}}, "neg": {"0.0": {"test_acc_list": [0.792, 0.777, 0.778, 0.779, 0.775], "test_acc_mean": 78.02000000000001, "test_acc_uncertainty": 0.6199999999999903, "test_acc_std": 0.6046486583132398}, "0.04966139954853273": {"test_acc_list": [0.785, 0.773, 0.778, 0.767, 0.78], "test_acc_mean": 77.66, "test_acc_uncertainty": 0.519999999999996, "test_acc_std": 0.6151422599691873}, "0.09932279909706546": {"test_acc_list": [0.773, 0.758, 0.776, 0.769, 0.776], "test_acc_mean": 77.04, "test_acc_uncertainty": 0.5799999999999983, "test_acc_std": 0.6711184694225041}, "0.1489841986455982": {"test_acc_list": [0.784, 0.786, 0.77, 0.771, 0.766], "test_acc_mean": 77.54, "test_acc_uncertainty": 0.6800000000000068, "test_acc_std": 0.8039900496896751}, "0.1986455981941309": {"test_acc_list": [0.78, 0.771, 0.769, 0.779, 0.774], "test_acc_mean": 77.46000000000001, "test_acc_uncertainty": 0.39999999999997726, "test_acc_std": 0.4317406628984562}, "0.24830699774266365": {"test_acc_list": [0.775, 0.768, 0.761, 0.77, 0.769], "test_acc_mean": 76.85999999999999, "test_acc_uncertainty": 0.4000000000000199, "test_acc_std": 0.44988887516808174}, "0.2979683972911964": {"test_acc_list": [0.765, 0.764, 0.764, 0.764, 0.764], "test_acc_mean": 76.42, "test_acc_uncertainty": 0.04000000000000625, "test_acc_std": 0.039999999999997725}, "0.3476297968397291": {"test_acc_list": [0.751, 0.762, 0.761, 0.739, 0.764], "test_acc_mean": 75.54, "test_acc_uncertainty": 0.9400000000000119, "test_acc_std": 0.9350935782048762}, "0.3972234762979684": {"test_acc_list": [0.751, 0.761, 0.764, 0.74, 0.748], "test_acc_mean": 75.28, "test_acc_uncertainty": 0.7400000000000091, "test_acc_std": 0.8749857141690952}, "0.4467720090293454": {"test_acc_list": [0.728, 0.739, 0.736, 0.733, 0.731], "test_acc_mean": 73.33999999999999, "test_acc_uncertainty": 0.3400000000000034, "test_acc_std": 0.38262252939418234}, "0.49575620767494355": {"test_acc_list": [0.718, 0.717, 0.716, 0.726, 0.722], "test_acc_mean": 71.97999999999999, "test_acc_uncertainty": 0.35999999999999943, "test_acc_std": 0.37094473981982756}, "0.5448532731376975": {"test_acc_list": [0.718, 0.73, 0.721, 0.716, 0.723], "test_acc_mean": 72.16, "test_acc_uncertainty": 0.4200000000000159, "test_acc_std": 0.48414873747640985}}}