{"none": {"test_acc_list": [0.775, 0.781, 0.791, 0.786, 0.782], "test_acc_mean": 78.30000000000001, "test_acc_uncertainty": 0.5, "test_acc_std": 0.5329165037789719}, "pos": {"0.0": {"test_acc_list": [0.775, 0.781, 0.791, 0.786, 0.782], "test_acc_mean": 78.30000000000001, "test_acc_uncertainty": 0.46050000000001035, "test_acc_std": 0.5329165037789719}, "0.04966139954853273": {"test_acc_list": [0.778, 0.769, 0.79, 0.782, 0.788], "test_acc_mean": 78.14, "test_acc_uncertainty": 0.6400000000000006, "test_acc_std": 0.7525955088890691}, "0.09932279909706546": {"test_acc_list": [0.774, 0.779, 0.787, 0.779, 0.778], "test_acc_mean": 77.94, "test_acc_uncertainty": 0.4200000000000017, "test_acc_std": 0.42237424163885706}, "0.1489841986455982": {"test_acc_list": [0.775, 0.778, 0.784, 0.782, 0.785], "test_acc_mean": 78.08000000000001, "test_acc_uncertainty": 0.3200000000000074, "test_acc_std": 0.3762977544445371}, "0.1986455981941309": {"test_acc_list": [0.771, 0.782, 0.785, 0.778, 0.77], "test_acc_mean": 77.72, "test_acc_uncertainty": 0.5799999999999983, "test_acc_std": 0.5912698199637779}, "0.24830699774266365": {"test_acc_list": [0.781, 0.781, 0.79, 0.785, 0.776], "test_acc_mean": 78.26000000000002, "test_acc_uncertainty": 0.45999999999997954, "test_acc_std": 0.46733285782191336}, "0.2979683972911964": {"test_acc_list": [0.773, 0.783, 0.778, 0.783, 0.778], "test_acc_mean": 77.9, "test_acc_uncertainty": 0.30000000000001137, "test_acc_std": 0.3741657386773941}, "0.3476297968397291": {"test_acc_list": [0.775, 0.783, 0.777, 0.778, 0.777], "test_acc_mean": 77.8, "test_acc_uncertainty": 0.2600000000000051, "test_acc_std": 0.2683281572999733}, "0.3972911963882618": {"test_acc_list": [0.772, 0.776, 0.772, 0.777, 0.764], "test_acc_mean": 77.22, "test_acc_uncertainty": 0.3999999999999915, "test_acc_std": 0.4578209256903838}, "0.4469525959367946": {"test_acc_list": [0.771, 0.773, 0.77, 0.778, 0.777], "test_acc_mean": 77.38, "test_acc_uncertainty": 0.28000000000000114, "test_acc_std": 0.31874754901018304}, "0.4966139954853273": {"test_acc_list": [0.768, 0.781, 0.782, 0.77, 0.768], "test_acc_mean": 77.38000000000001, "test_acc_uncertainty": 0.5400000000000063, "test_acc_std": 0.6337191807101981}, "0.54627539503386": {"test_acc_list": [0.771, 0.77, 0.776, 0.767, 0.77], "test_acc_mean": 77.08000000000001, "test_acc_uncertainty": 0.28000000000000114, "test_acc_std": 0.2925747767665583}}, "neg": {"0.0": {"test_acc_list": [0.775, 0.781, 0.791, 0.786, 0.782], "test_acc_mean": 78.30000000000001, "test_acc_uncertainty": 0.48100000000000875, "test_acc_std": 0.5329165037789719}, "0.04966139954853273": {"test_acc_list": [0.774, 0.772, 0.785, 0.776, 0.775], "test_acc_mean": 77.64000000000001, "test_acc_uncertainty": 0.4199999999999875, "test_acc_std": 0.44988887516807835}, "0.09932279909706546": {"test_acc_list": [0.771, 0.772, 0.792, 0.771, 0.765], "test_acc_mean": 77.42, "test_acc_uncertainty": 0.9599999999999937, "test_acc_std": 0.9239047569960875}, "0.1489841986455982": {"test_acc_list": [0.77, 0.773, 0.782, 0.78, 0.78], "test_acc_mean": 77.7, "test_acc_uncertainty": 0.4000000000000057, "test_acc_std": 0.4647580015448911}, "0.1986455981941309": {"test_acc_list": [0.77, 0.771, 0.782, 0.77, 0.774], "test_acc_mean": 77.34, "test_acc_uncertainty": 0.45999999999999375, "test_acc_std": 0.45431266766402223}, "0.24830699774266365": {"test_acc_list": [0.771, 0.773, 0.779, 0.775, 0.778], "test_acc_mean": 77.52000000000001, "test_acc_uncertainty": 0.2600000000000051, "test_acc_std": 0.2993325909419143}, "0.2979683972911964": {"test_acc_list": [0.766, 0.761, 0.771, 0.771, 0.772], "test_acc_mean": 76.82000000000001, "test_acc_uncertainty": 0.4200000000000017, "test_acc_std": 0.4166533331199986}, "0.3476297968397291": {"test_acc_list": [0.758, 0.761, 0.77, 0.758, 0.764], "test_acc_mean": 76.22, "test_acc_uncertainty": 0.4200000000000017, "test_acc_std": 0.4489988864128748}, "0.3972234762979684": {"test_acc_list": [0.747, 0.754, 0.762, 0.751, 0.75], "test_acc_mean": 75.28, "test_acc_uncertainty": 0.45999999999999375, "test_acc_std": 0.5114684741017779}, "0.4467720090293454": {"test_acc_list": [0.739, 0.74, 0.754, 0.74, 0.732], "test_acc_mean": 74.1, "test_acc_uncertainty": 0.7400000000000091, "test_acc_std": 0.7155417527999337}, "0.49575620767494355": {"test_acc_list": [0.722, 0.73, 0.739, 0.744, 0.707], "test_acc_mean": 72.84, "test_acc_uncertainty": 1.2000000000000028, "test_acc_std": 1.3093509842666338}, "0.5448532731376975": {"test_acc_list": [0.732, 0.73, 0.745, 0.721, 0.719], "test_acc_mean": 72.93999999999998, "test_acc_uncertainty": 0.8200000000000216, "test_acc_std": 0.9264987857520406}}}