{"seed": 2024, "dataset": "citeseer", "model_list": ["GCN", "SGC", "APPNP"], "device": 6, "n_runs": 5, "split_mode": "number", "train_rate": 0.6, "val_rate": 0.2, "num_train_per_class": 20, "num_val": 500, "num_test": 1000, "num_layers": 3, "hidden": 64, "dropout": 0.5, "K_appnp": 3, "alpha_appnp": 0.0, "dprate": 0.5, "Init": "PPR", "alpha": 0.1, "lr": 0.01, "weight_decay": 0.0005, "n_epochs": 200, "eval_interval": 1, "print_interval": 50, "early_stopping": 100, "early_stopping_tolerance": 1, "not_save": false, "perf_save_root_dir": "./topoinf_model_performance/", "save_detailed_perf": false, "save_reduced_perf": false, "k_order": 3, "without_self_loops": false, "distance_metric": "inner_product", "coefficients": [0.0, 0.0, 0.0, 1.0], "lambda_reg": 0.1, "topoinf_node_masking": ["test_mask"], "not_verbose": false, "single_processing": false, "mp_core": 8, "save_topoinf": false, "delete_unit": "ratio", "delete_mode_list": ["pos", "neg"], "delete_strategy": "all_random", "delete_rate_list": [0.0, 0.1, 0.1, 0.1, 0.1, 0.1, 0.1, 0.1, 0.1, 0.1, 0.1, 0.1, 0.1, 0.1], "delete_num_list": [100, 100, 100, 100, 100, 100], "topoinf_threshold": 0.0005, "delete_step_length": 50, "output": "output2/", "GCN": {"none": {"test_acc_list": [0.686, 0.659, 0.68, 0.668, 0.691], "test_acc_mean": 67.67999999999999, "test_acc_uncertainty": 1.1409999999999911, "test_acc_std": 1.1754148203932075}, "pos": {"0.0": {"test_acc_list": [0.686, 0.659, 0.68, 0.668, 0.691], "test_acc_mean": 67.67999999999999, "test_acc_uncertainty": 1.0619999999999834, "test_acc_std": 1.1754148203932075}, "0.043985045084671215": {"test_acc_list": [0.69, 0.659, 0.675, 0.679, 0.669], "test_acc_mean": 67.44000000000001, "test_acc_uncertainty": 0.9199999999999733, "test_acc_std": 1.0307278981380084}, "0.08797009016934243": {"test_acc_list": [0.697, 0.694, 0.68, 0.678, 0.668], "test_acc_mean": 68.34, "test_acc_uncertainty": 0.8999999999999915, "test_acc_std": 1.0725670142233488}, "0.13195513525401364": {"test_acc_list": [0.696, 0.71, 0.709, 0.675, 0.688], "test_acc_mean": 69.56, "test_acc_uncertainty": 1.2199999999999989, "test_acc_std": 1.3184839779079593}, "0.17594018033868486": {"test_acc_list": [0.692, 0.691, 0.675, 0.663, 0.693], "test_acc_mean": 68.28, "test_acc_uncertainty": 1.1599999999999966, "test_acc_std": 1.1906300852909752}, "0.21992522542335605": {"test_acc_list": [0.716, 0.714, 0.674, 0.682, 0.676], "test_acc_mean": 69.24000000000001, "test_acc_uncertainty": 1.59999999999998, "test_acc_std": 1.8650469162999561}, "0.2639102705080273": {"test_acc_list": [0.711, 0.717, 0.666, 0.712, 0.708], "test_acc_mean": 70.28, "test_acc_uncertainty": 1.8605000000000018, "test_acc_std": 1.8626862323000046}, "0.3078953155926985": {"test_acc_list": [0.713, 0.709, 0.698, 0.706, 0.682], "test_acc_mean": 70.16, "test_acc_uncertainty": 1.019999999999996, "test_acc_std": 1.0965400129498208}, "0.3518803606773697": {"test_acc_list": [0.718, 0.69, 0.688, 0.689, 0.68], "test_acc_mean": 69.3, "test_acc_uncertainty": 1.3400000000000034, "test_acc_std": 1.2992305415129368}, "0.3958654057620409": {"test_acc_list": [0.732, 0.716, 0.712, 0.702, 0.676], "test_acc_mean": 70.76, "test_acc_uncertainty": 1.8400000000000034, "test_acc_std": 1.8521339044464342}, "0.4398504508467121": {"test_acc_list": [0.716, 0.705, 0.689, 0.694, 0.687], "test_acc_mean": 69.82, "test_acc_uncertainty": 1.019999999999996, "test_acc_std": 1.087014259336095}, "0.4838354959313833": {"test_acc_list": [0.715, 0.708, 0.699, 0.689, 0.686], "test_acc_mean": 69.94, "test_acc_uncertainty": 0.960000000000008, "test_acc_std": 1.1001818031580044}, "0.5278205410160546": {"test_acc_list": [0.719, 0.703, 0.688, 0.685, 0.679], "test_acc_mean": 69.47999999999999, "test_acc_uncertainty": 1.460000000000008, "test_acc_std": 1.445544879967408}}, "neg": {"0.0": {"test_acc_list": [0.686, 0.659, 0.68, 0.668, 0.691], "test_acc_mean": 67.67999999999999, "test_acc_uncertainty": 1.059999999999988, "test_acc_std": 1.1754148203932075}, "0.043985045084671215": {"test_acc_list": [0.684, 0.673, 0.677, 0.681, 0.682], "test_acc_mean": 67.94000000000001, "test_acc_uncertainty": 0.4000000000000057, "test_acc_std": 0.3929376540877684}, "0.08797009016934243": {"test_acc_list": [0.669, 0.676, 0.663, 0.66, 0.668], "test_acc_mean": 66.72, "test_acc_uncertainty": 0.46000000000000796, "test_acc_std": 0.5491812087098427}, "0.13195513525401364": {"test_acc_list": [0.681, 0.666, 0.685, 0.672, 0.677], "test_acc_mean": 67.62, "test_acc_uncertainty": 0.5999999999999943, "test_acc_std": 0.6675327707311437}, "0.17594018033868486": {"test_acc_list": [0.674, 0.67, 0.68, 0.66, 0.682], "test_acc_mean": 67.32, "test_acc_uncertainty": 0.6799999999999926, "test_acc_std": 0.7858753081755407}, "0.21992522542335605": {"test_acc_list": [0.682, 0.693, 0.678, 0.667, 0.665], "test_acc_mean": 67.7, "test_acc_uncertainty": 0.8599999999999994, "test_acc_std": 1.0256705123966459}, "0.2603914669012536": {"test_acc_list": [0.661, 0.652, 0.665, 0.661, 0.695], "test_acc_mean": 66.68, "test_acc_uncertainty": 1.4620000000000033, "test_acc_std": 1.4729562111617558}, "0.29909830657576425": {"test_acc_list": [0.665, 0.64, 0.663, 0.669, 0.668], "test_acc_mean": 66.10000000000001, "test_acc_uncertainty": 1.0200000000000102, "test_acc_std": 1.0714476188783102}, "0.33802507147569827": {"test_acc_list": [0.659, 0.666, 0.643, 0.651, 0.697], "test_acc_mean": 66.32000000000001, "test_acc_uncertainty": 1.6999999999999886, "test_acc_std": 1.8573098825990193}, "0.3778315372773257": {"test_acc_list": [0.635, 0.672, 0.647, 0.632, 0.672], "test_acc_mean": 65.16, "test_acc_uncertainty": 1.5400000000000063, "test_acc_std": 1.7396551382386112}, "0.41213987244336925": {"test_acc_list": [0.629, 0.678, 0.641, 0.637, 0.637], "test_acc_mean": 64.44, "test_acc_uncertainty": 1.7999999999999972, "test_acc_std": 1.7246448909848124}, "0.45414559049923026": {"test_acc_list": [0.641, 0.671, 0.639, 0.649, 0.644], "test_acc_mean": 64.88, "test_acc_uncertainty": 1.181500000000014, "test_acc_std": 1.1600000000000037}, "0.4880140752144271": {"test_acc_list": [0.628, 0.658, 0.62, 0.625, 0.639], "test_acc_mean": 63.4, "test_acc_uncertainty": 1.1999999999999957, "test_acc_std": 1.3520355024924449}, "0.5254013635363977": {"test_acc_list": [0.608, 0.634, 0.616, 0.579, 0.601], "test_acc_mean": 60.75999999999999, "test_acc_uncertainty": 1.6799999999999926, "test_acc_std": 1.8051038751274127}}}, "SGC": {"none": {"test_acc_list": [0.637, 0.652, 0.703, 0.659, 0.647], "test_acc_mean": 65.96000000000001, "test_acc_uncertainty": 2.1399999999999864, "test_acc_std": 2.2852570971337096}, "pos": {"0.0": {"test_acc_list": [0.637, 0.652, 0.703, 0.659, 0.647], "test_acc_mean": 65.96000000000001, "test_acc_uncertainty": 2.339999999999989, "test_acc_std": 2.2852570971337096}, "0.043985045084671215": {"test_acc_list": [0.636, 0.65, 0.654, 0.648, 0.647], "test_acc_mean": 64.7, "test_acc_uncertainty": 0.5200000000000102, "test_acc_std": 0.6000000000000008}, "0.08797009016934243": {"test_acc_list": [0.63, 0.652, 0.669, 0.662, 0.633], "test_acc_mean": 64.92, "test_acc_uncertainty": 1.3599999999999994, "test_acc_std": 1.5458331087151704}, "0.13195513525401364": {"test_acc_list": [0.651, 0.642, 0.659, 0.644, 0.625], "test_acc_mean": 64.42, "test_acc_uncertainty": 1.0600000000000023, "test_acc_std": 1.1303096920755857}, "0.17594018033868486": {"test_acc_list": [0.643, 0.664, 0.65, 0.654, 0.67], "test_acc_mean": 65.62, "test_acc_uncertainty": 0.9000000000000057, "test_acc_std": 0.9682974749528178}, "0.21992522542335605": {"test_acc_list": [0.623, 0.638, 0.679, 0.695, 0.663], "test_acc_mean": 65.96000000000001, "test_acc_uncertainty": 2.2650000000000077, "test_acc_std": 2.625718949164211}, "0.2639102705080273": {"test_acc_list": [0.64, 0.639, 0.668, 0.696, 0.663], "test_acc_mean": 66.11999999999999, "test_acc_uncertainty": 1.8000000000000114, "test_acc_std": 2.098952119511065}, "0.3078953155926985": {"test_acc_list": [0.632, 0.63, 0.683, 0.686, 0.666], "test_acc_mean": 65.94000000000001,