{"none": {"test_acc_list": [0.652, 0.665, 0.666, 0.668, 0.674], "test_acc_mean": 66.5, "test_acc_uncertainty": 0.7005000000000052, "test_acc_std": 0.7211102550927984}, "pos": {"0.0": {"test_acc_list": [0.652, 0.655, 0.666, 0.668, 0.674], "test_acc_mean": 66.3, "test_acc_uncertainty": 0.7199999999999989, "test_acc_std": 0.8246211251235331}, "0.043985045084671215": {"test_acc_list": [0.641, 0.675, 0.668, 0.695, 0.658], "test_acc_mean": 66.74, "test_acc_uncertainty": 1.480000000000004, "test_acc_std": 1.791758912354005}, "0.08797009016934243": {"test_acc_list": [0.638, 0.66, 0.664, 0.669, 0.653], "test_acc_mean": 65.68, "test_acc_uncertainty": 0.980000000000004, "test_acc_std": 1.075918212505022}, "0.13195513525401364": {"test_acc_list": [0.653, 0.63, 0.682, 0.678, 0.638], "test_acc_mean": 65.62, "test_acc_uncertainty": 1.8399999999999963, "test_acc_std": 2.0826905675111727}, "0.17594018033868486": {"test_acc_list": [0.638, 0.642, 0.681, 0.696, 0.648], "test_acc_mean": 66.10000000000001, "test_acc_uncertainty": 2.1199999999999903, "test_acc_std": 2.3168944732119314}, "0.21992522542335605": {"test_acc_list": [0.656, 0.653, 0.662, 0.683, 0.651], "test_acc_mean": 66.10000000000001, "test_acc_uncertainty": 1.1200000000000045, "test_acc_std": 1.161034021896002}, "0.2639102705080273": {"test_acc_list": [0.636, 0.653, 0.678, 0.684, 0.651], "test_acc_mean": 66.04, "test_acc_uncertainty": 1.5799999999999983, "test_acc_std": 1.7917589123540059}, "0.3078953155926985": {"test_acc_list": [0.64, 0.669, 0.671, 0.667, 0.672], "test_acc_mean": 66.38, "test_acc_uncertainty": 1.2199999999999989, "test_acc_std": 1.202331069215133}, "0.3518803606773697": {"test_acc_list": [0.641, 0.645, 0.67, 0.657, 0.648], "test_acc_mean": 65.22, "test_acc_uncertainty": 1.0, "test_acc_std": 1.0342146779078334}, "0.3958654057620409": {"test_acc_list": [0.663, 0.671, 0.687, 0.663, 0.662], "test_acc_mean": 66.92, "test_acc_uncertainty": 0.9599999999999937, "test_acc_std": 0.9474175425861625}, "0.4398504508467121": {"test_acc_list": [0.654, 0.656, 0.685, 0.663, 0.65], "test_acc_mean": 66.16, "test_acc_uncertainty": 1.2000000000000028, "test_acc_std": 1.2435433245367835}, "0.4838354959313833": {"test_acc_list": [0.623, 0.66, 0.671, 0.674, 0.67], "test_acc_mean": 65.96000000000001, "test_acc_uncertainty": 1.9000000000000057, "test_acc_std": 1.8895502110290723}, "0.5278205410160546": {"test_acc_list": [0.628, 0.655, 0.666, 0.658, 0.637], "test_acc_mean": 64.88000000000001, "test_acc_uncertainty": 1.3200000000000074, "test_acc_std": 1.4076931483814241}}, "neg": {"0.0": {"test_acc_list": [0.652, 0.655, 0.666, 0.668, 0.674], "test_acc_mean": 66.3, "test_acc_uncertainty": 0.7599999999999909, "test_acc_std": 0.8246211251235331}, "0.043985045084671215": {"test_acc_list": [0.667, 0.66, 0.655, 0.651, 0.651], "test_acc_mean": 65.68, "test_acc_uncertainty": 0.5599999999999881, "test_acc_std": 0.6079473661428242}, "0.08797009016934243": {"test_acc_list": [0.638, 0.637, 0.663, 0.642, 0.659], "test_acc_mean": 64.78, "test_acc_uncertainty": 1.019999999999996, "test_acc_std": 1.0979981785048631}, "0.13195513525401364": {"test_acc_list": [0.651, 0.637, 0.663, 0.66, 0.677], "test_acc_mean": 65.76, "test_acc_uncertainty": 1.2600000000000051, "test_acc_std": 1.326046756340061}, "0.17594018033868486": {"test_acc_list": [0.66, 0.64, 0.659, 0.659, 0.68], "test_acc_mean": 65.96000000000001, "test_acc_uncertainty": 1.2199999999999847, "test_acc_std": 1.2658593918757326}, "0.21992522542335605": {"test_acc_list": [0.66, 0.629, 0.668, 0.676, 0.679], "test_acc_mean": 66.24000000000001, "test_acc_uncertainty": 1.720000000000013, "test_acc_std": 1.796218249545419}, "0.2603914669012536": {"test_acc_list": [0.634, 0.643, 0.665, 0.656, 0.644], "test_acc_mean": 64.84, "test_acc_uncertainty": 1.0400000000000063, "test_acc_std": 1.0855413396089544}, "0.29909830657576425": {"test_acc_list": [0.62, 0.636, 0.662, 0.657, 0.649], "test_acc_mean": 64.47999999999999, "test_acc_uncertainty": 1.4199999999999875, "test_acc_std": 1.519736819321031}, "0.33802507147569827": {"test_acc_list": [0.624, 0.639, 0.67, 0.663, 0.621], "test_acc_mean": 64.34, "test_acc_uncertainty": 1.7600000000000051, "test_acc_std": 1.9945926902503173}, "0.3778315372773257": {"test_acc_list": [0.623, 0.637, 0.65, 0.646, 0.62], "test_acc_mean": 63.52, "test_acc_uncertainty": 1.0600000000000094, "test_acc_std": 1.1989995829857512}, "0.41213987244336925": {"test_acc_list": [0.63, 0.617, 0.666, 0.624, 0.613], "test_acc_mean": 63.0, "test_acc_uncertainty": 1.8200000000000074, "test_acc_std": 1.8920887928424535}, "0.45414559049923026": {"test_acc_list": [0.625, 0.629, 0.65, 0.638, 0.621], "test_acc_mean": 63.260000000000005, "test_acc_uncertainty": 1.0, "test_acc_std": 1.0365326815879952}, "0.4880140752144271": {"test_acc_list": [0.624, 0.634, 0.637, 0.63, 0.588], "test_acc_mean": 62.260000000000005, "test_acc_uncertainty": 1.7605000000000217, "test_acc_std": 1.783928249678222}, "0.5254013635363977": {"test_acc_list": [0.597, 0.624, 0.62, 0.623, 0.597], "test_acc_mean": 61.21999999999999, "test_acc_uncertainty": 1.0800000000000054, "test_acc_std": 1.2480384609458168}}}