{"none": {"test_acc_list": [0.686, 0.659, 0.68, 0.668, 0.691], "test_acc_mean": 67.67999999999999, "test_acc_uncertainty": 1.1409999999999911, "test_acc_std": 1.1754148203932075}, "pos": {"0.0": {"test_acc_list": [0.686, 0.659, 0.68, 0.668, 0.691], "test_acc_mean": 67.67999999999999, "test_acc_uncertainty": 1.0619999999999834, "test_acc_std": 1.1754148203932075}, "0.043985045084671215": {"test_acc_list": [0.69, 0.659, 0.675, 0.679, 0.669], "test_acc_mean": 67.44000000000001, "test_acc_uncertainty": 0.9199999999999733, "test_acc_std": 1.0307278981380084}, "0.08797009016934243": {"test_acc_list": [0.697, 0.694, 0.68, 0.678, 0.668], "test_acc_mean": 68.34, "test_acc_uncertainty": 0.8999999999999915, "test_acc_std": 1.0725670142233488}, "0.13195513525401364": {"test_acc_list": [0.696, 0.71, 0.709, 0.675, 0.688], "test_acc_mean": 69.56, "test_acc_uncertainty": 1.2199999999999989, "test_acc_std": 1.3184839779079593}, "0.17594018033868486": {"test_acc_list": [0.692, 0.691, 0.675, 0.663, 0.693], "test_acc_mean": 68.28, "test_acc_uncertainty": 1.1599999999999966, "test_acc_std": 1.1906300852909752}, "0.21992522542335605": {"test_acc_list": [0.716, 0.714, 0.674, 0.682, 0.676], "test_acc_mean": 69.24000000000001, "test_acc_uncertainty": 1.59999999999998, "test_acc_std": 1.8650469162999561}, "0.2639102705080273": {"test_acc_list": [0.711, 0.717, 0.666, 0.712, 0.708], "test_acc_mean": 70.28, "test_acc_uncertainty": 1.8605000000000018, "test_acc_std": 1.8626862323000046}, "0.3078953155926985": {"test_acc_list": [0.713, 0.709, 0.698, 0.706, 0.682], "test_acc_mean": 70.16, "test_acc_uncertainty": 1.019999999999996, "test_acc_std": 1.0965400129498208}, "0.3518803606773697": {"test_acc_list": [0.718, 0.69, 0.688, 0.689, 0.68], "test_acc_mean": 69.3, "test_acc_uncertainty": 1.3400000000000034, "test_acc_std": 1.2992305415129368}, "0.3958654057620409": {"test_acc_list": [0.732, 0.716, 0.712, 0.702, 0.676], "test_acc_mean": 70.76, "test_acc_uncertainty": 1.8400000000000034, "test_acc_std": 1.8521339044464342}, "0.4398504508467121": {"test_acc_list": [0.716, 0.705, 0.689, 0.694, 0.687], "test_acc_mean": 69.82, "test_acc_uncertainty": 1.019999999999996, "test_acc_std": 1.087014259336095}, "0.4838354959313833": {"test_acc_list": [0.715, 0.708, 0.699, 0.689, 0.686], "test_acc_mean": 69.94, "test_acc_uncertainty": 0.960000000000008, "test_acc_std": 1.1001818031580044}, "0.5278205410160546": {"test_acc_list": [0.719, 0.703, 0.688, 0.685, 0.679], "test_acc_mean": 69.47999999999999, "test_acc_uncertainty": 1.460000000000008, "test_acc_std": 1.445544879967408}}, "neg": {"0.0": {"test_acc_list": [0.686, 0.659, 0.68, 0.668, 0.691], "test_acc_mean": 67.67999999999999, "test_acc_uncertainty": 1.059999999999988, "test_acc_std": 1.1754148203932075}, "0.043985045084671215": {"test_acc_list": [0.684, 0.673, 0.677, 0.681, 0.682], "test_acc_mean": 67.94000000000001, "test_acc_uncertainty": 0.4000000000000057, "test_acc_std": 0.3929376540877684}, "0.08797009016934243": {"test_acc_list": [0.669, 0.676, 0.663, 0.66, 0.668], "test_acc_mean": 66.72, "test_acc_uncertainty": 0.46000000000000796, "test_acc_std": 0.5491812087098427}, "0.13195513525401364": {"test_acc_list": [0.681, 0.666, 0.685, 0.672, 0.677], "test_acc_mean": 67.62, "test_acc_uncertainty": 0.5999999999999943, "test_acc_std": 0.6675327707311437}, "0.17594018033868486": {"test_acc_list": [0.674, 0.67, 0.68, 0.66, 0.682], "test_acc_mean": 67.32, "test_acc_uncertainty": 0.6799999999999926, "test_acc_std": 0.7858753081755407}, "0.21992522542335605": {"test_acc_list": [0.682, 0.693, 0.678, 0.667, 0.665], "test_acc_mean": 67.7, "test_acc_uncertainty": 0.8599999999999994, "test_acc_std": 1.0256705123966459}, "0.2603914669012536": {"test_acc_list": [0.661, 0.652, 0.665, 0.661, 0.695], "test_acc_mean": 66.68, "test_acc_uncertainty": 1.4620000000000033, "test_acc_std": 1.4729562111617558}, "0.29909830657576425": {"test_acc_list": [0.665, 0.64, 0.663, 0.669, 0.668], "test_acc_mean": 66.10000000000001, "test_acc_uncertainty": 1.0200000000000102, "test_acc_std": 1.0714476188783102}, "0.33802507147569827": {"test_acc_list": [0.659, 0.666, 0.643, 0.651, 0.697], "test_acc_mean": 66.32000000000001, "test_acc_uncertainty": 1.6999999999999886, "test_acc_std": 1.8573098825990193}, "0.3778315372773257": {"test_acc_list": [0.635, 0.672, 0.647, 0.632, 0.672], "test_acc_mean": 65.16, "test_acc_uncertainty": 1.5400000000000063, "test_acc_std": 1.7396551382386112}, "0.41213987244336925": {"test_acc_list": [0.629, 0.678, 0.641, 0.637, 0.637], "test_acc_mean": 64.44, "test_acc_uncertainty": 1.7999999999999972, "test_acc_std": 1.7246448909848124}, "0.45414559049923026": {"test_acc_list": [0.641, 0.671, 0.639, 0.649, 0.644], "test_acc_mean": 64.88, "test_acc_uncertainty": 1.181500000000014, "test_acc_std": 1.1600000000000037}, "0.4880140752144271": {"test_acc_list": [0.628, 0.658, 0.62, 0.625, 0.639], "test_acc_mean": 63.4, "test_acc_uncertainty": 1.1999999999999957, "test_acc_std": 1.3520355024924449}, "0.5254013635363977": {"test_acc_list": [0.608, 0.634, 0.616, 0.579, 0.601], "test_acc_mean": 60.75999999999999, "test_acc_uncertainty": 1.6799999999999926, "test_acc_std": 1.8051038751274127}}}