{"none": {"test_acc_list": [0.637, 0.652, 0.703, 0.659, 0.647], "test_acc_mean": 65.96000000000001, "test_acc_uncertainty": 2.1399999999999864, "test_acc_std": 2.2852570971337096}, "pos": {"0.0": {"test_acc_list": [0.637, 0.652, 0.703, 0.659, 0.647], "test_acc_mean": 65.96000000000001, "test_acc_uncertainty": 2.339999999999989, "test_acc_std": 2.2852570971337096}, "0.043985045084671215": {"test_acc_list": [0.636, 0.65, 0.654, 0.648, 0.647], "test_acc_mean": 64.7, "test_acc_uncertainty": 0.5200000000000102, "test_acc_std": 0.6000000000000008}, "0.08797009016934243": {"test_acc_list": [0.63, 0.652, 0.669, 0.662, 0.633], "test_acc_mean": 64.92, "test_acc_uncertainty": 1.3599999999999994, "test_acc_std": 1.5458331087151704}, "0.13195513525401364": {"test_acc_list": [0.651, 0.642, 0.659, 0.644, 0.625], "test_acc_mean": 64.42, "test_acc_uncertainty": 1.0600000000000023, "test_acc_std": 1.1303096920755857}, "0.17594018033868486": {"test_acc_list": [0.643, 0.664, 0.65, 0.654, 0.67], "test_acc_mean": 65.62, "test_acc_uncertainty": 0.9000000000000057, "test_acc_std": 0.9682974749528178}, "0.21992522542335605": {"test_acc_list": [0.623, 0.638, 0.679, 0.695, 0.663], "test_acc_mean": 65.96000000000001, "test_acc_uncertainty": 2.2650000000000077, "test_acc_std": 2.625718949164211}, "0.2639102705080273": {"test_acc_list": [0.64, 0.639, 0.668, 0.696, 0.663], "test_acc_mean": 66.11999999999999, "test_acc_uncertainty": 1.8000000000000114, "test_acc_std": 2.098952119511065}, "0.3078953155926985": {"test_acc_list": [0.632, 0.63, 0.683, 0.686, 0.666], "test_acc_mean": 65.94000000000001, "test_acc_uncertainty": 2.140000000000015, "test_acc_std": 2.41793300155319}, "0.3518803606773697": {"test_acc_list": [0.626, 0.637, 0.675, 0.677, 0.665], "test_acc_mean": 65.6, "test_acc_uncertainty": 1.7999999999999972, "test_acc_std": 2.070748656887165}, "0.3958654057620409": {"test_acc_list": [0.634, 0.655, 0.669, 0.691, 0.662], "test_acc_mean": 66.22, "test_acc_uncertainty": 1.5799999999999983, "test_acc_std": 1.8562327440275361}, "0.4398504508467121": {"test_acc_list": [0.642, 0.649, 0.649, 0.685, 0.67], "test_acc_mean": 65.9, "test_acc_uncertainty": 1.4399999999999977, "test_acc_std": 1.6037456157383543}, "0.4838354959313833": {"test_acc_list": [0.668, 0.641, 0.675, 0.709, 0.659], "test_acc_mean": 67.03999999999999, "test_acc_uncertainty": 2.039999999999992, "test_acc_std": 2.2410711724530286}, "0.5278205410160546": {"test_acc_list": [0.658, 0.627, 0.649, 0.686, 0.631], "test_acc_mean": 65.02000000000001, "test_acc_uncertainty": 1.8399999999999892, "test_acc_std": 2.121697433660136}}, "neg": {"0.0": {"test_acc_list": [0.637, 0.652, 0.703, 0.659, 0.647], "test_acc_mean": 65.96000000000001, "test_acc_uncertainty": 2.3400000000000034, "test_acc_std": 2.2852570971337096}, "0.043985045084671215": {"test_acc_list": [0.643, 0.651, 0.704, 0.666, 0.635], "test_acc_mean": 65.98, "test_acc_uncertainty": 2.4399999999999835, "test_acc_std": 2.435898191632808}, "0.08797009016934243": {"test_acc_list": [0.644, 0.643, 0.676, 0.677, 0.648], "test_acc_mean": 65.76, "test_acc_uncertainty": 1.3200000000000074, "test_acc_std": 1.5525462956060307}, "0.13195513525401364": {"test_acc_list": [0.635, 0.643, 0.69, 0.693, 0.637], "test_acc_mean": 65.96000000000001, "test_acc_uncertainty": 2.219999999999999, "test_acc_std": 2.61961829280527}, "0.17594018033868486": {"test_acc_list": [0.63, 0.646, 0.683, 0.685, 0.641], "test_acc_mean": 65.7, "test_acc_uncertainty": 1.940000000000012, "test_acc_std": 2.2653917983430616}, "0.21992522542335605": {"test_acc_list": [0.641, 0.633, 0.673, 0.691, 0.654], "test_acc_mean": 65.83999999999999, "test_acc_uncertainty": 2.0999999999999943, "test_acc_std": 2.1181123671797972}, "0.2603914669012536": {"test_acc_list": [0.64, 0.626, 0.663, 0.664, 0.634], "test_acc_mean": 64.53999999999999, "test_acc_uncertainty": 1.3399999999999892, "test_acc_std": 1.5435025105259794}, "0.29909830657576425": {"test_acc_list": [0.632, 0.64, 0.653, 0.673, 0.645], "test_acc_mean": 64.86, "test_acc_uncertainty": 1.220000000000013, "test_acc_std": 1.3979985693841066}, "0.33802507147569827": {"test_acc_list": [0.622, 0.629, 0.657, 0.667, 0.633], "test_acc_mean": 64.16, "test_acc_uncertainty": 1.460000000000008, "test_acc_std": 1.7315888657530702}, "0.3778315372773257": {"test_acc_list": [0.629, 0.636, 0.661, 0.67, 0.62], "test_acc_mean": 64.32000000000001, "test_acc_uncertainty": 1.6799999999999926, "test_acc_std": 1.91143924831526}, "0.41213987244336925": {"test_acc_list": [0.598, 0.611, 0.653, 0.662, 0.602], "test_acc_mean": 62.519999999999996, "test_acc_uncertainty": 2.3000000000000114, "test_acc_std": 2.6858145877926884}, "0.45414559049923026": {"test_acc_list": [0.61, 0.618, 0.654, 0.647, 0.609], "test_acc_mean": 62.75999999999999, "test_acc_uncertainty": 1.6400000000000148, "test_acc_std": 1.90850727009357}, "0.4880140752144271": {"test_acc_list": [0.6, 0.614, 0.638, 0.625, 0.598], "test_acc_mean": 61.5, "test_acc_uncertainty": 1.2999999999999972, "test_acc_std": 1.512613632095125}, "0.5254013635363977": {"test_acc_list": [0.609, 0.607, 0.648, 0.637, 0.606], "test_acc_mean": 62.14, "test_acc_uncertainty": 1.6000000000000085, "test_acc_std": 1.7602272580550504}}}