{"seed": 2024, "dataset": "pubmed", "model_list": ["GCN", "SGC", "APPNP"], "device": 6, "n_runs": 5, "split_mode": "number", "train_rate": 0.6, "val_rate": 0.2, "num_train_per_class": 20, "num_val": 500, "num_test": 1000, "num_layers": 3, "hidden": 64, "dropout": 0.5, "K_appnp": 3, "alpha_appnp": 0.0, "dprate": 0.5, "Init": "PPR", "alpha": 0.1, "lr": 0.01, "weight_decay": 0.0005, "n_epochs": 200, "eval_interval": 1, "print_interval": 50, "early_stopping": 100, "early_stopping_tolerance": 1, "not_save": false, "perf_save_root_dir": "./topoinf_model_performance/", "save_detailed_perf": false, "save_reduced_perf": false, "k_order": 3, "without_self_loops": false, "distance_metric": "inner_product", "coefficients": [0.0, 0.0, 0.0, 1.0], "lambda_reg": 0.1, "topoinf_node_masking": ["test_mask"], "not_verbose": false, "single_processing": false, "mp_core": 8, "save_topoinf": false, "delete_unit": "ratio", "delete_mode_list": ["pos", "neg"], "delete_strategy": "label", "delete_rate_list": [0.0, 0.1, 0.1, 0.1, 0.1, 0.1, 0.1, 0.1, 0.1, 0.1, 0.1, 0.1, 0.1, 0.1], "delete_num_list": [100, 100, 100, 100, 100, 100], "topoinf_threshold": 0.0005, "delete_step_length": 50, "output": "output2/", "GCN": {"none": {"test_acc_list": [0.792, 0.777, 0.778, 0.779, 0.775], "test_acc_mean": 78.02000000000001, "test_acc_uncertainty": 0.6200000000000045, "test_acc_std": 0.6046486583132398}, "pos": {"0.0": {"test_acc_list": [0.792, 0.777, 0.778, 0.779, 0.775], "test_acc_mean": 78.02000000000001, "test_acc_uncertainty": 0.6199999999999903, "test_acc_std": 0.6046486583132398}, "0.01917696958758235": {"test_acc_list": [0.798, 0.772, 0.774, 0.775, 0.781], "test_acc_mean": 78.0, "test_acc_uncertainty": 0.9400000000000119, "test_acc_std": 0.9486832980505171}, "0.0383539391751647": {"test_acc_list": [0.794, 0.786, 0.775, 0.782, 0.784], "test_acc_mean": 78.42, "test_acc_uncertainty": 0.5610000000000213, "test_acc_std": 0.6144916598294907}, "0.057530908762747045": {"test_acc_list": [0.782, 0.778, 0.778, 0.783, 0.795], "test_acc_mean": 78.32000000000001, "test_acc_uncertainty": 0.5999999999999943, "test_acc_std": 0.6241794613730902}, "0.0767078783503294": {"test_acc_list": [0.793, 0.78, 0.788, 0.776, 0.782], "test_acc_mean": 78.38000000000001, "test_acc_uncertainty": 0.5, "test_acc_std": 0.6013318551349127}, "0.09588484793791174": {"test_acc_list": [0.79, 0.774, 0.789, 0.776, 0.784], "test_acc_mean": 78.26000000000002, "test_acc_uncertainty": 0.5800000000000267, "test_acc_std": 0.6560487786742671}, "0.11506181752549409": {"test_acc_list": [0.79, 0.788, 0.793, 0.78, 0.793], "test_acc_mean": 78.88000000000001, "test_acc_uncertainty": 0.46000000000000796, "test_acc_std": 0.47916594202843665}, "0.13423878711307644": {"test_acc_list": [0.793, 0.77, 0.793, 0.776, 0.782], "test_acc_mean": 78.28, "test_acc_uncertainty": 0.7999999999999972, "test_acc_std": 0.9152048950918014}, "0.1534157567006588": {"test_acc_list": [0.784, 0.792, 0.78, 0.777, 0.776], "test_acc_mean": 78.18, "test_acc_uncertainty": 0.539999999999992, "test_acc_std": 0.5810335618533572}, "0.17259272628824113": {"test_acc_list": [0.786, 0.776, 0.781, 0.774, 0.784], "test_acc_mean": 78.02000000000001, "test_acc_uncertainty": 0.4000000000000057, "test_acc_std": 0.4578209256903842}, "0.1917696958758235": {"test_acc_list": [0.791, 0.779, 0.782, 0.773, 0.782], "test_acc_mean": 78.14, "test_acc_uncertainty": 0.5400000000000205, "test_acc_std": 0.5817215828899628}, "0.21094666546340582": {"test_acc_list": [0.785, 0.775, 0.777, 0.778, 0.789], "test_acc_mean": 78.08, "test_acc_uncertainty": 0.5, "test_acc_std": 0.5306599664568656}, "0.23012363505098818": {"test_acc_list": [0.768, 0.769, 0.783, 0.769, 0.789], "test_acc_mean": 77.55999999999999, "test_acc_uncertainty": 0.7999999999999972, "test_acc_std": 0.8708616422830896}, "0.24930060463857054": {"test_acc_list": [0.775, 0.769, 0.774, 0.77, 0.769], "test_acc_mean": 77.14000000000001, "test_acc_uncertainty": 0.23999999999998067, "test_acc_std": 0.25768197453450153}}, "neg": {"0.0": {"test_acc_list": [0.792, 0.777, 0.778, 0.779, 0.775], "test_acc_mean": 78.02000000000001, "test_acc_uncertainty": 0.6004999999999967, "test_acc_std": 0.6046486583132398}, "0.08009204945402039": {"test_acc_list": [0.778, 0.788, 0.778, 0.775, 0.769], "test_acc_mean": 77.75999999999999, "test_acc_uncertainty": 0.5800000000000125, "test_acc_std": 0.6151422599691854}, "0.16018409890804078": {"test_acc_list": [0.77, 0.775, 0.775, 0.779, 0.789], "test_acc_mean": 77.75999999999999, "test_acc_uncertainty": 0.5800000000000125, "test_acc_std": 0.6374950980203713}, "0.24027614836206118": {"test_acc_list": [0.788, 0.791, 0.771, 0.782, 0.798], "test_acc_mean": 78.6, "test_acc_uncertainty": 0.7614999999999839, "test_acc_std": 0.9099450532861868}, "0.32036819781608156": {"test_acc_list": [0.785, 0.779, 0.776, 0.773, 0.778], "test_acc_mean": 77.82000000000001, "test_acc_uncertainty": 0.3999999999999915, "test_acc_std": 0.3969886648255842}, "0.400460247270102": {"test_acc_list": [0.759, 0.762, 0.772, 0.751, 0.756], "test_acc_mean": 76.0, "test_acc_uncertainty": 0.6800000000000068, "test_acc_std": 0.7014271166700103}, "0.48041692987997475": {"test_acc_list": [0.787, 0.784, 0.776, 0.786, 0.791], "test_acc_mean": 78.48000000000002, "test_acc_uncertainty": 0.5000000000000142, "test_acc_std": 0.4955804677345543}, "0.5580046927172638": {"test_acc_list": [0.807, 0.812, 0.817, 0.812, 0.791], "test_acc_mean": 80.78, "test_acc_uncertainty": 0.8399999999999892, "test_acc_std": 0.89755222689267}}}, "SGC": {"none": {"test_acc_list": [0.775, 0.781, 0.791, 0.786, 0.782], "test_acc_mean": 78.30000000000001, "test_acc_uncertainty": 0.44000000000001194, "test_acc_std": 0.5329165037789719}, "pos": {"0.0": {"test_acc_list": [0.775, 0.781, 0.791, 0.786, 0.782], "test_acc_mean": 78.30000000000001, "test_acc_uncertainty": 0.44000000000001194, "test_acc_std": 0.5329165037789719}, "0.01917696958758235": {"test_acc_list": [0.775, 0.772, 0.791, 0.784, 0.785], "test_acc_mean": 78.14000000000001, "test_acc_uncertainty": 0.6200000000000045, "test_acc_std": 0.6945502141674156}, "0.0383539391751647": {"test_acc_list": [0.778, 0.787, 0.796, 0.786, 0.785], "test_acc_mean": 78.64000000000001, "test_acc_uncertainty": 0.5600000000000023, "test_acc_std": 0.5748043145280002}, "0.057530908762747045": {"test_acc_list": [0.777, 0.767, 0.792, 0.787, 0.781], "test_acc_mean": 78.08000000000001, "test_acc_uncertainty": 0.7199999999999847, "test_acc_std": 0.8588364221433556}, "0.0767078783503294": {"test_acc_list": [0.776, 0.783, 0.782, 0.785, 0.786], "test_acc_mean": 78.24000000000001, "test_acc_uncertainty": 0.3200000000000074, "test_acc_std": 0.3498571136907165}, "0.09588484793791174": {"test_acc_list": [0.775, 0.78, 0.787, 0.789, 0.784], "test_acc_mean": 78.3, "test_acc_uncertainty": 0.45999999999999375, "test_acc_std": 0.5019960159204474}, "0.11506181752549409": {"test_acc_list": [0.775, 0.781, 0.787, 0.784, 0.785], "test_acc_mean": 78.24000000000001, "test_acc_uncertainty": 0.38000000000000966, "test_acc_std": 0.4176122603564225}, "0.13423878711307644": {"test_acc_list": [0.774, 0.781, 0.778, 0.785, 0.78], "test_acc_mean": 77.96000000000001, "test_acc_uncertainty": 0.3400000000000034, "test_acc_std": 0.36110940170535494}, "0.1534157567006588": {"test_acc_list": [0.772, 0.778, 0.79, 0.775, 0.775], "test_acc_mean": 77.8, "test_acc_uncertainty": 0.6600000000000108, "test_acc_std": 0.6292853089020904}, "0.17259272628824113": {"test_acc_list": [0.772, 0.768, 0.783, 0.785, 0.783], "test_acc_mean": 77.82000000000001, "test_acc_uncertainty": 0.6400000000000006, "test_acc_std": 0.6852736679604721}, "0.1917696958758235": {"test_acc_list": [0.77, 0.782, 0.785, 0.787, 0.783], "test_acc_mean": 78.14, "test_acc_uncertainty": 0.5799999999999983, "test_acc_std": 0.5953150426454892}, "0.21094666546340582": {"test_acc_list": [0.776, 0.765, 0.794, 0.782, 0.786], "test_acc_mean": 78.06000000000002, "test_acc_uncertainty": 0.819999999999979, "test_acc_std": 0.974884608556317},