{"none": {"test_acc_list": [0.779, 0.765, 0.772, 0.77, 0.777], "test_acc_mean": 77.26, "test_acc_uncertainty": 0.46000000000000796, "test_acc_std": 0.500399840127874}, "pos": {"0.0": {"test_acc_list": [0.779, 0.765, 0.772, 0.77, 0.777], "test_acc_mean": 77.26, "test_acc_uncertainty": 0.4200000000000017, "test_acc_std": 0.500399840127874}, "0.01917696958758235": {"test_acc_list": [0.785, 0.777, 0.779, 0.777, 0.772], "test_acc_mean": 77.8, "test_acc_uncertainty": 0.37999999999999545, "test_acc_std": 0.4195235392680598}, "0.0383539391751647": {"test_acc_list": [0.779, 0.775, 0.77, 0.776, 0.769], "test_acc_mean": 77.38, "test_acc_uncertainty": 0.3200000000000074, "test_acc_std": 0.37629775444453667}, "0.057530908762747045": {"test_acc_list": [0.776, 0.764, 0.768, 0.782, 0.772], "test_acc_mean": 77.24, "test_acc_uncertainty": 0.561000000000007, "test_acc_std": 0.6248199740725331}, "0.0767078783503294": {"test_acc_list": [0.78, 0.765, 0.772, 0.78, 0.772], "test_acc_mean": 77.38, "test_acc_uncertainty": 0.46000000000000796, "test_acc_std": 0.5670978751503126}, "0.09588484793791174": {"test_acc_list": [0.79, 0.769, 0.786, 0.78, 0.784], "test_acc_mean": 78.17999999999999, "test_acc_uncertainty": 0.6799999999999926, "test_acc_std": 0.716658914686756}, "0.11506181752549409": {"test_acc_list": [0.781, 0.786, 0.777, 0.772, 0.772], "test_acc_mean": 77.76, "test_acc_uncertainty": 0.46000000000000796, "test_acc_std": 0.5388877434123017}, "0.13423878711307644": {"test_acc_list": [0.781, 0.777, 0.778, 0.785, 0.787], "test_acc_mean": 78.16, "test_acc_uncertainty": 0.3400000000000034, "test_acc_std": 0.38781438859330675}, "0.1534157567006588": {"test_acc_list": [0.772, 0.753, 0.788, 0.781, 0.78], "test_acc_mean": 77.48, "test_acc_uncertainty": 1.0999999999999943, "test_acc_std": 1.202331069215132}, "0.17259272628824113": {"test_acc_list": [0.779, 0.771, 0.789, 0.782, 0.778], "test_acc_mean": 77.98, "test_acc_uncertainty": 0.5600000000000023, "test_acc_std": 0.5844655678480978}, "0.1917696958758235": {"test_acc_list": [0.774, 0.776, 0.767, 0.787, 0.774], "test_acc_mean": 77.55999999999999, "test_acc_uncertainty": 0.6200000000000045, "test_acc_std": 0.646838465151849}, "0.21094666546340582": {"test_acc_list": [0.787, 0.769, 0.772, 0.785, 0.775], "test_acc_mean": 77.76, "test_acc_uncertainty": 0.6200000000000045, "test_acc_std": 0.714422843979669}, "0.23012363505098818": {"test_acc_list": [0.789, 0.785, 0.776, 0.774, 0.77], "test_acc_mean": 77.88, "test_acc_uncertainty": 0.6400000000000148, "test_acc_std": 0.7082372483850311}, "0.24930060463857054": {"test_acc_list": [0.784, 0.773, 0.782, 0.779, 0.772], "test_acc_mean": 77.79999999999998, "test_acc_uncertainty": 0.4199999999999733, "test_acc_std": 0.4774934554525349}}, "neg": {"0.0": {"test_acc_list": [0.779, 0.765, 0.772, 0.77, 0.777], "test_acc_mean": 77.26, "test_acc_uncertainty": 0.4200000000000017, "test_acc_std": 0.500399840127874}, "0.08009204945402039": {"test_acc_list": [0.774, 0.774, 0.779, 0.772, 0.753], "test_acc_mean": 77.04, "test_acc_uncertainty": 0.9399999999999977, "test_acc_std": 0.9002221947941551}, "0.16018409890804078": {"test_acc_list": [0.772, 0.774, 0.782, 0.775, 0.768], "test_acc_mean": 77.42, "test_acc_uncertainty": 0.4200000000000017, "test_acc_std": 0.4578209256903853}, "0.24027614836206118": {"test_acc_list": [0.784, 0.78, 0.795, 0.783, 0.778], "test_acc_mean": 78.4, "test_acc_uncertainty": 0.5799999999999841, "test_acc_std": 0.5899152481501058}, "0.32036819781608156": {"test_acc_list": [0.779, 0.784, 0.782, 0.771, 0.776], "test_acc_mean": 77.84, "test_acc_uncertainty": 0.47999999999998977, "test_acc_std": 0.458693797647187}, "0.400460247270102": {"test_acc_list": [0.77, 0.77, 0.778, 0.776, 0.77], "test_acc_mean": 77.28, "test_acc_uncertainty": 0.3199999999999932, "test_acc_std": 0.34871191548325464}, "0.48041692987997475": {"test_acc_list": [0.797, 0.795, 0.79, 0.791, 0.783], "test_acc_mean": 79.12, "test_acc_uncertainty": 0.4399999999999977, "test_acc_std": 0.48332183894378444}, "0.5580046927172638": {"test_acc_list": [0.791, 0.803, 0.815, 0.811, 0.775], "test_acc_mean": 79.9, "test_acc_uncertainty": 1.2800000000000011, "test_acc_std": 1.4532721699667972}}}