{"none": {"test_acc_list": [0.775, 0.781, 0.791, 0.786, 0.782], "test_acc_mean": 78.30000000000001, "test_acc_uncertainty": 0.44000000000001194, "test_acc_std": 0.5329165037789719}, "pos": {"0.0": {"test_acc_list": [0.775, 0.781, 0.791, 0.786, 0.782], "test_acc_mean": 78.30000000000001, "test_acc_uncertainty": 0.44000000000001194, "test_acc_std": 0.5329165037789719}, "0.01917696958758235": {"test_acc_list": [0.775, 0.772, 0.791, 0.784, 0.785], "test_acc_mean": 78.14000000000001, "test_acc_uncertainty": 0.6200000000000045, "test_acc_std": 0.6945502141674156}, "0.0383539391751647": {"test_acc_list": [0.778, 0.787, 0.796, 0.786, 0.785], "test_acc_mean": 78.64000000000001, "test_acc_uncertainty": 0.5600000000000023, "test_acc_std": 0.5748043145280002}, "0.057530908762747045": {"test_acc_list": [0.777, 0.767, 0.792, 0.787, 0.781], "test_acc_mean": 78.08000000000001, "test_acc_uncertainty": 0.7199999999999847, "test_acc_std": 0.8588364221433556}, "0.0767078783503294": {"test_acc_list": [0.776, 0.783, 0.782, 0.785, 0.786], "test_acc_mean": 78.24000000000001, "test_acc_uncertainty": 0.3200000000000074, "test_acc_std": 0.3498571136907165}, "0.09588484793791174": {"test_acc_list": [0.775, 0.78, 0.787, 0.789, 0.784], "test_acc_mean": 78.3, "test_acc_uncertainty": 0.45999999999999375, "test_acc_std": 0.5019960159204474}, "0.11506181752549409": {"test_acc_list": [0.775, 0.781, 0.787, 0.784, 0.785], "test_acc_mean": 78.24000000000001, "test_acc_uncertainty": 0.38000000000000966, "test_acc_std": 0.4176122603564225}, "0.13423878711307644": {"test_acc_list": [0.774, 0.781, 0.778, 0.785, 0.78], "test_acc_mean": 77.96000000000001, "test_acc_uncertainty": 0.3400000000000034, "test_acc_std": 0.36110940170535494}, "0.1534157567006588": {"test_acc_list": [0.772, 0.778, 0.79, 0.775, 0.775], "test_acc_mean": 77.8, "test_acc_uncertainty": 0.6600000000000108, "test_acc_std": 0.6292853089020904}, "0.17259272628824113": {"test_acc_list": [0.772, 0.768, 0.783, 0.785, 0.783], "test_acc_mean": 77.82000000000001, "test_acc_uncertainty": 0.6400000000000006, "test_acc_std": 0.6852736679604721}, "0.1917696958758235": {"test_acc_list": [0.77, 0.782, 0.785, 0.787, 0.783], "test_acc_mean": 78.14, "test_acc_uncertainty": 0.5799999999999983, "test_acc_std": 0.5953150426454892}, "0.21094666546340582": {"test_acc_list": [0.776, 0.765, 0.794, 0.782, 0.786], "test_acc_mean": 78.06000000000002, "test_acc_uncertainty": 0.819999999999979, "test_acc_std": 0.974884608556317}, "0.23012363505098818": {"test_acc_list": [0.776, 0.784, 0.782, 0.787, 0.782], "test_acc_mean": 78.22, "test_acc_uncertainty": 0.3399999999999892, "test_acc_std": 0.3599999999999983}, "0.24930060463857054": {"test_acc_list": [0.778, 0.785, 0.785, 0.786, 0.783], "test_acc_mean": 78.34, "test_acc_uncertainty": 0.28000000000000114, "test_acc_std": 0.28705400188814917}}, "neg": {"0.0": {"test_acc_list": [0.775, 0.781, 0.791, 0.786, 0.782], "test_acc_mean": 78.30000000000001, "test_acc_uncertainty": 0.480000000000004, "test_acc_std": 0.5329165037789719}, "0.08009204945402039": {"test_acc_list": [0.781, 0.781, 0.786, 0.78, 0.791], "test_acc_mean": 78.38000000000001, "test_acc_uncertainty": 0.4200000000000017, "test_acc_std": 0.41665333311999475}, "0.16018409890804078": {"test_acc_list": [0.775, 0.763, 0.763, 0.777, 0.781], "test_acc_mean": 77.18, "test_acc_uncertainty": 0.6400000000000006, "test_acc_std": 0.7440430095095348}, "0.24027614836206118": {"test_acc_list": [0.768, 0.774, 0.793, 0.769, 0.783], "test_acc_mean": 77.74, "test_acc_uncertainty": 0.8599999999999994, "test_acc_std": 0.9436100889668338}, "0.32036819781608156": {"test_acc_list": [0.761, 0.768, 0.788, 0.781, 0.78], "test_acc_mean": 77.56, "test_acc_uncertainty": 0.9200000000000017, "test_acc_std": 0.9728309205612272}, "0.400460247270102": {"test_acc_list": [0.767, 0.772, 0.768, 0.778, 0.77], "test_acc_mean": 77.1, "test_acc_uncertainty": 0.36000000000001364, "test_acc_std": 0.38987177379235755}, "0.48041692987997475": {"test_acc_list": [0.782, 0.786, 0.783, 0.787, 0.778], "test_acc_mean": 78.32000000000001, "test_acc_uncertainty": 0.28000000000000114, "test_acc_std": 0.3187475490101875}, "0.5580046927172638": {"test_acc_list": [0.806, 0.794, 0.806, 0.81, 0.787], "test_acc_mean": 80.06, "test_acc_uncertainty": 0.7600000000000051, "test_acc_std": 0.866256313108309}}}