{"seed": 2024, "dataset": "citeseer", "model_list": ["GCN", "SGC", "APPNP", "MLP"], "device": 6, "n_runs": 5, "split_mode": "number", "train_rate": 0.6, "val_rate": 0.2, "num_train_per_class": 20, "num_val": 500, "num_test": 1000, "num_layers": 3, "hidden": 64, "dropout": 0.5, "K_appnp": 3, "alpha_appnp": 0.0, "dprate": 0.5, "Init": "PPR", "alpha": 0.1, "lr": 0.01, "weight_decay": 0.0005, "n_epochs": 200, "eval_interval": 1, "print_interval": 50, "early_stopping": 100, "early_stopping_tolerance": 1, "not_save": false, "perf_save_root_dir": "./topoinf_model_performance/", "save_detailed_perf": false, "save_reduced_perf": false, "k_order": 3, "without_self_loops": false, "distance_metric": "inner_product", "coefficients": [0.0, 0.0, 1.0], "lambda_reg": 0.1, "topoinf_node_masking": ["test_mask"], "not_verbose": false, "single_processing": false, "mp_core": 8, "save_topoinf": false, "delete_unit": "mode_ratio", "delete_mode_list": ["pos", "neg"], "delete_strategy": "topoinf", "delete_rate_list": [0.0, 0.1, 0.1, 0.1, 0.1, 0.1, 0.1, 0.1, 0.1, 0.1, 0.1, 0.1, 0.1, 0.1], "delete_num_list": [100, 100, 100, 100, 100, 100], "topoinf_threshold": 0.0005, "delete_step_length": 50, "output": "output1/", "GCN": {"none": {"test_acc_list": [0.686, 0.659, 0.68, 0.668, 0.691], "test_acc_mean": 67.67999999999999, "test_acc_uncertainty": 1.059999999999988, "test_acc_std": 1.1754148203932075}, "pos": {"0.0": {"test_acc_list": [0.686, 0.659, 0.68, 0.668, 0.691], "test_acc_mean": 67.67999999999999, "test_acc_uncertainty": 1.0619999999999834, "test_acc_std": 1.1754148203932075}, "0.03579952267303103": {"test_acc_list": [0.688, 0.675, 0.684, 0.675, 0.696], "test_acc_mean": 68.36000000000001, "test_acc_uncertainty": 0.680000000000021, "test_acc_std": 0.8014985963805531}, "0.0711217183770883": {"test_acc_list": [0.685, 0.682, 0.682, 0.659, 0.694], "test_acc_mean": 68.03999999999999, "test_acc_uncertainty": 1.09999999999998, "test_acc_std": 1.1568923891183616}, "0.10405727923627685": {"test_acc_list": [0.691, 0.679, 0.687, 0.682, 0.702], "test_acc_mean": 68.82, "test_acc_uncertainty": 0.7210000000000036, "test_acc_std": 0.8034923770640205}, "0.13556085918854416": {"test_acc_list": [0.696, 0.693, 0.702, 0.681, 0.689], "test_acc_mean": 69.22, "test_acc_uncertainty": 0.6599999999999824, "test_acc_std": 0.702566722810006}, "0.1649164677804296": {"test_acc_list": [0.709, 0.702, 0.69, 0.68, 0.702], "test_acc_mean": 69.66, "test_acc_uncertainty": 0.8799999999999955, "test_acc_std": 1.0307278981380057}, "0.1947494033412888": {"test_acc_list": [0.706, 0.694, 0.683, 0.679, 0.694], "test_acc_mean": 69.12, "test_acc_uncertainty": 0.9399999999999835, "test_acc_std": 0.9495261976375314}, "0.22291169451073986": {"test_acc_list": [0.696, 0.703, 0.707, 0.696, 0.698], "test_acc_mean": 69.99999999999999, "test_acc_uncertainty": 0.4000000000000057, "test_acc_std": 0.4335896677735789}, "0.25011933174224343": {"test_acc_list": [0.704, 0.711, 0.688, 0.699, 0.702], "test_acc_mean": 70.08, "test_acc_uncertainty": 0.7399999999999949, "test_acc_std": 0.7520638270785254}, "0.27231503579952265": {"test_acc_list": [0.706, 0.721, 0.712, 0.693, 0.723], "test_acc_mean": 71.1, "test_acc_uncertainty": 0.9799999999999898, "test_acc_std": 1.0899541274750968}, "0.29307875894988067": {"test_acc_list": [0.703, 0.682, 0.71, 0.685, 0.712], "test_acc_mean": 69.84, "test_acc_uncertainty": 1.0799999999999983, "test_acc_std": 1.2563439019631524}, "0.31288782816229116": {"test_acc_list": [0.716, 0.7, 0.706, 0.693, 0.71], "test_acc_mean": 70.5, "test_acc_uncertainty": 0.7199999999999989, "test_acc_std": 0.7949842765740707}, "0.3336515513126492": {"test_acc_list": [0.721, 0.694, 0.708, 0.697, 0.694], "test_acc_mean": 70.28, "test_acc_uncertainty": 1.0204999999999984, "test_acc_std": 1.0457533169921116}, "0.35632458233890213": {"test_acc_list": [0.72, 0.686, 0.717, 0.691, 0.702], "test_acc_mean": 70.32, "test_acc_uncertainty": 1.2000000000000028, "test_acc_std": 1.3555810562264432}}, "neg": {"0.0": {"test_acc_list": [0.686, 0.659, 0.68, 0.668, 0.691], "test_acc_mean": 67.67999999999999, "test_acc_uncertainty": 1.0005000000000166, "test_acc_std": 1.1754148203932075}, "0.059665871121718374": {"test_acc_list": [0.692, 0.665, 0.651, 0.658, 0.667], "test_acc_mean": 66.66, "test_acc_uncertainty": 1.4599999999999937, "test_acc_std": 1.3893883546366668}, "0.11742243436754177": {"test_acc_list": [0.673, 0.643, 0.631, 0.677, 0.678], "test_acc_mean": 66.04, "test_acc_uncertainty": 1.7600000000000051, "test_acc_std": 1.9550959055759938}, "0.17231503579952268": {"test_acc_list": [0.668, 0.66, 0.638, 0.661, 0.672], "test_acc_mean": 65.98, "test_acc_uncertainty": 1.1200000000000045, "test_acc_std": 1.1771151175649717}, "0.22887828162291168": {"test_acc_list": [0.648, 0.664, 0.645, 0.662, 0.67], "test_acc_mean": 65.78, "test_acc_uncertainty": 0.8399999999999892, "test_acc_std": 0.9641576634555176}, "0.28066825775656323": {"test_acc_list": [0.657, 0.636, 0.653, 0.656, 0.663], "test_acc_mean": 65.30000000000001, "test_acc_uncertainty": 0.8599999999999994, "test_acc_std": 0.9099450532861857}, "0.3298329355608592": {"test_acc_list": [0.639, 0.672, 0.623, 0.605, 0.644], "test_acc_mean": 63.65999999999999, "test_acc_uncertainty": 1.8999999999999986, "test_acc_std": 2.2348154286204505}, "0.3768496420047733": {"test_acc_list": [0.61, 0.676, 0.644, 0.627, 0.626], "test_acc_mean": 63.66000000000001, "test_acc_uncertainty": 1.980000000000004, "test_acc_std": 2.244638055455715}, "0.4167064439140811": {"test_acc_list": [0.62, 0.654, 0.626, 0.641, 0.624], "test_acc_mean": 63.3, "test_acc_uncertainty": 1.1599999999999966, "test_acc_std": 1.26806939873179}, "0.45775656324582337": {"test_acc_list": [0.621, 0.636, 0.618, 0.622, 0.651], "test_acc_mean": 62.96, "test_acc_uncertainty": 1.1815000000000069, "test_acc_std": 1.2370933675353724}, "0.49021479713603816": {"test_acc_list": [0.599, 0.647, 0.657, 0.631, 0.627], "test_acc_mean": 63.220000000000006, "test_acc_uncertainty": 1.720000000000006, "test_acc_std": 1.9823218709382202}, "0.5307875894988067": {"test_acc_list": [0.624, 0.617, 0.621, 0.609, 0.623], "test_acc_mean": 61.879999999999995, "test_acc_uncertainty": 0.519999999999996, "test_acc_std": 0.5455272678794341}}}, "SGC": {"none": {"test_acc_list": [0.637, 0.652, 0.703, 0.659, 0.647], "test_acc_mean": 65.96000000000001, "test_acc_uncertainty": 2.2024999999999864, "test_acc_std": 2.2852570971337096}, "pos": {"0.0": {"test_acc_list": [0.637, 0.652, 0.703, 0.659, 0.647], "test_acc_mean": 65.96000000000001, "test_acc_uncertainty": 2.299999999999997, "test_acc_std": 2.2852570971337096}, "0.03579952267303103": {"test_acc_list": [0.635, 0.664, 0.698, 0.672, 0.652], "test_acc_mean": 66.41999999999999, "test_acc_uncertainty": 1.940000000000012, "test_acc_std": 2.099904759745069}, "0.0711217183770883": {"test_acc_list": [0.651, 0.662, 0.687, 0.681, 0.667], "test_acc_mean": 66.96000000000001, "test_acc_uncertainty": 1.2199999999999847, "test_acc_std": 1.2986146464598336}, "0.10405727923627685": {"test_acc_list": [0.655, 0.674, 0.677, 0.684, 0.674], "test_acc_mean": 67.28, "test_acc_uncertainty": 1.019999999999996, "test_acc_std": 0.9620810776644573}, "0.13556085918854416": {"test_acc_list": [0.658, 0.675, 0.682, 0.687, 0.691], "test_acc_mean": 67.85999999999999, "test_acc_uncertainty": 1.0609999999999928, "test_acc_std": 1.1603447763488233}, "0.1649164677804296": {"test_acc_list": [0.663, 0.682, 0.678, 0.702, 0.662], "test_acc_mean": 67.74, "test_acc_uncertainty": 1.2800000000000011, "test_acc_std": 1.4636939570825553}, "0.1947494033412888": {"test_acc_list": [0.67, 0.685, 0.688, 0.709, 0.683], "test_acc_mean": 68.7, "test_acc_uncertainty": 1.2009999999999934, "test_acc_std": 1.2601587201618654}, "0.22291169451073986": {"test_acc_list": [0.674, 0.688, 0.674, 0.706, 0.67], "test_acc_mean": 68.24, "test_acc_uncertainty": 1.3599999999999994, "test_acc_std": 1.3290598180668882}, "0.25011933174224343": {"test_acc_list": [0.675, 0.68, 0.686, 0.712, 0.665],