{"none": {"test_acc_list": [0.652, 0.665, 0.666, 0.668, 0.674], "test_acc_mean": 66.5, "test_acc_uncertainty": 0.7600000000000051, "test_acc_std": 0.7211102550927984}, "pos": {"0.0": {"test_acc_list": [0.652, 0.655, 0.666, 0.668, 0.674], "test_acc_mean": 66.3, "test_acc_uncertainty": 0.7005000000000194, "test_acc_std": 0.8246211251235331}, "0.03579952267303103": {"test_acc_list": [0.64, 0.654, 0.646, 0.685, 0.668], "test_acc_mean": 65.86, "test_acc_uncertainty": 1.5200000000000102, "test_acc_std": 1.619382598399771}, "0.0711217183770883": {"test_acc_list": [0.65, 0.642, 0.67, 0.68, 0.657], "test_acc_mean": 65.97999999999999, "test_acc_uncertainty": 1.3600000000000136, "test_acc_std": 1.365869686317109}, "0.10405727923627685": {"test_acc_list": [0.65, 0.661, 0.684, 0.697, 0.666], "test_acc_mean": 67.16000000000001, "test_acc_uncertainty": 1.559999999999988, "test_acc_std": 1.6788091017146607}, "0.13556085918854416": {"test_acc_list": [0.663, 0.669, 0.667, 0.67, 0.663], "test_acc_mean": 66.64, "test_acc_uncertainty": 0.2600000000000051, "test_acc_std": 0.2939387691339838}, "0.1649164677804296": {"test_acc_list": [0.673, 0.672, 0.661, 0.692, 0.653], "test_acc_mean": 67.02000000000001, "test_acc_uncertainty": 1.0429999999999922, "test_acc_std": 1.3166624472506194}, "0.1947494033412888": {"test_acc_list": [0.692, 0.657, 0.665, 0.697, 0.663], "test_acc_mean": 67.47999999999999, "test_acc_uncertainty": 1.3799999999999955, "test_acc_std": 1.6375591592366918}, "0.22291169451073986": {"test_acc_list": [0.68, 0.666, 0.665, 0.712, 0.669], "test_acc_mean": 67.84, "test_acc_uncertainty": 1.779999999999987, "test_acc_std": 1.762498226949462}, "0.25011933174224343": {"test_acc_list": [0.667, 0.686, 0.663, 0.705, 0.667], "test_acc_mean": 67.76, "test_acc_uncertainty": 1.5999999999999943, "test_acc_std": 1.5869467539901905}, "0.27231503579952265": {"test_acc_list": [0.681, 0.675, 0.67, 0.705, 0.67], "test_acc_mean": 68.02000000000001, "test_acc_uncertainty": 1.2999999999999972, "test_acc_std": 1.3044539087296263}, "0.29307875894988067": {"test_acc_list": [0.681, 0.676, 0.681, 0.713, 0.679], "test_acc_mean": 68.6, "test_acc_uncertainty": 1.3799999999999955, "test_acc_std": 1.362350909274108}, "0.31288782816229116": {"test_acc_list": [0.678, 0.675, 0.694, 0.723, 0.681], "test_acc_mean": 69.02000000000001, "test_acc_uncertainty": 1.7399999999999949, "test_acc_std": 1.7634057956125657}, "0.3336515513126492": {"test_acc_list": [0.674, 0.678, 0.69, 0.722, 0.681], "test_acc_mean": 68.9, "test_acc_uncertainty": 1.519999999999996, "test_acc_std": 1.7320508075688752}, "0.35632458233890213": {"test_acc_list": [0.677, 0.673, 0.679, 0.707, 0.675], "test_acc_mean": 68.22, "test_acc_uncertainty": 1.2800000000000011, "test_acc_std": 1.2560254774486055}}, "neg": {"0.0": {"test_acc_list": [0.652, 0.655, 0.666, 0.668, 0.674], "test_acc_mean": 66.3, "test_acc_uncertainty": 0.7000000000000028, "test_acc_std": 0.8246211251235331}, "0.059665871121718374": {"test_acc_list": [0.643, 0.636, 0.657, 0.652, 0.662], "test_acc_mean": 65.0, "test_acc_uncertainty": 0.8400000000000034, "test_acc_std": 0.9402127418834539}, "0.11742243436754177": {"test_acc_list": [0.61, 0.615, 0.64, 0.641, 0.665], "test_acc_mean": 63.42, "test_acc_uncertainty": 1.980000000000004, "test_acc_std": 1.99138143006306}, "0.17231503579952268": {"test_acc_list": [0.62, 0.609, 0.637, 0.656, 0.643], "test_acc_mean": 63.30000000000001, "test_acc_uncertainty": 1.5000000000000142, "test_acc_std": 1.6673332000533092}, "0.22887828162291168": {"test_acc_list": [0.604, 0.614, 0.624, 0.637, 0.643], "test_acc_mean": 62.44, "test_acc_uncertainty": 1.2399999999999949, "test_acc_std": 1.4347125147568767}, "0.28066825775656323": {"test_acc_list": [0.594, 0.628, 0.624, 0.63, 0.639], "test_acc_mean": 62.3, "test_acc_uncertainty": 1.539999999999992, "test_acc_std": 1.531012736720371}, "0.3298329355608592": {"test_acc_list": [0.605, 0.599, 0.627, 0.617, 0.641], "test_acc_mean": 61.779999999999994, "test_acc_uncertainty": 1.281000000000006, "test_acc_std": 1.5104966070799353}, "0.3768496420047733": {"test_acc_list": [0.603, 0.59, 0.627, 0.617, 0.59], "test_acc_mean": 60.54, "test_acc_uncertainty": 1.279999999999994, "test_acc_std": 1.4705101155721454}, "0.4167064439140811": {"test_acc_list": [0.585, 0.607, 0.606, 0.606, 0.594], "test_acc_mean": 59.959999999999994, "test_acc_uncertainty": 0.7424999999999855, "test_acc_std": 0.8731551981177229}, "0.45775656324582337": {"test_acc_list": [0.599, 0.596, 0.607, 0.622, 0.615], "test_acc_mean": 60.779999999999994, "test_acc_uncertainty": 0.8399999999999963, "test_acc_std": 0.9703607576566589}, "0.49021479713603816": {"test_acc_list": [0.592, 0.576, 0.59, 0.599, 0.59], "test_acc_mean": 58.94, "test_acc_uncertainty": 0.7000000000000028, "test_acc_std": 0.7472616676907776}, "0.5307875894988067": {"test_acc_list": [0.592, 0.574, 0.602, 0.595, 0.589], "test_acc_mean": 59.04, "test_acc_uncertainty": 0.9199999999999946, "test_acc_std": 0.926498785752037}}}