{"none": {"test_acc_list": [0.517, 0.514, 0.536, 0.535, 0.512], "test_acc_mean": 52.279999999999994, "test_acc_uncertainty": 0.8800000000000097, "test_acc_std": 1.0495713410721537}}