{"none": {"test_acc_list": [0.637, 0.652, 0.703, 0.659, 0.647], "test_acc_mean": 65.96000000000001, "test_acc_uncertainty": 2.2024999999999864, "test_acc_std": 2.2852570971337096}, "pos": {"0.0": {"test_acc_list": [0.637, 0.652, 0.703, 0.659, 0.647], "test_acc_mean": 65.96000000000001, "test_acc_uncertainty": 2.299999999999997, "test_acc_std": 2.2852570971337096}, "0.03579952267303103": {"test_acc_list": [0.635, 0.664, 0.698, 0.672, 0.652], "test_acc_mean": 66.41999999999999, "test_acc_uncertainty": 1.940000000000012, "test_acc_std": 2.099904759745069}, "0.0711217183770883": {"test_acc_list": [0.651, 0.662, 0.687, 0.681, 0.667], "test_acc_mean": 66.96000000000001, "test_acc_uncertainty": 1.2199999999999847, "test_acc_std": 1.2986146464598336}, "0.10405727923627685": {"test_acc_list": [0.655, 0.674, 0.677, 0.684, 0.674], "test_acc_mean": 67.28, "test_acc_uncertainty": 1.019999999999996, "test_acc_std": 0.9620810776644573}, "0.13556085918854416": {"test_acc_list": [0.658, 0.675, 0.682, 0.687, 0.691], "test_acc_mean": 67.85999999999999, "test_acc_uncertainty": 1.0609999999999928, "test_acc_std": 1.1603447763488233}, "0.1649164677804296": {"test_acc_list": [0.663, 0.682, 0.678, 0.702, 0.662], "test_acc_mean": 67.74, "test_acc_uncertainty": 1.2800000000000011, "test_acc_std": 1.4636939570825553}, "0.1947494033412888": {"test_acc_list": [0.67, 0.685, 0.688, 0.709, 0.683], "test_acc_mean": 68.7, "test_acc_uncertainty": 1.2009999999999934, "test_acc_std": 1.2601587201618654}, "0.22291169451073986": {"test_acc_list": [0.674, 0.688, 0.674, 0.706, 0.67], "test_acc_mean": 68.24, "test_acc_uncertainty": 1.3599999999999994, "test_acc_std": 1.3290598180668882}, "0.25011933174224343": {"test_acc_list": [0.675, 0.68, 0.686, 0.712, 0.665], "test_acc_mean": 68.36, "test_acc_uncertainty": 1.4599999999999937, "test_acc_std": 1.5781001235663104}, "0.27231503579952265": {"test_acc_list": [0.67, 0.667, 0.701, 0.709, 0.67], "test_acc_mean": 68.34, "test_acc_uncertainty": 1.559999999999988, "test_acc_std": 1.7850490189347703}, "0.29307875894988067": {"test_acc_list": [0.669, 0.674, 0.687, 0.715, 0.673], "test_acc_mean": 68.36, "test_acc_uncertainty": 1.5, "test_acc_std": 1.6823792675850444}, "0.31288782816229116": {"test_acc_list": [0.682, 0.666, 0.689, 0.709, 0.681], "test_acc_mean": 68.53999999999999, "test_acc_uncertainty": 1.3999999999999915, "test_acc_std": 1.3979985693840973}, "0.3336515513126492": {"test_acc_list": [0.679, 0.66, 0.693, 0.706, 0.674], "test_acc_mean": 68.23999999999998, "test_acc_uncertainty": 1.4600000000000222, "test_acc_std": 1.5831613941730611}, "0.35632458233890213": {"test_acc_list": [0.664, 0.687, 0.696, 0.708, 0.664], "test_acc_mean": 68.38, "test_acc_uncertainty": 1.5400000000000063, "test_acc_std": 1.7485994395515474}}, "neg": {"0.0": {"test_acc_list": [0.637, 0.652, 0.703, 0.659, 0.647], "test_acc_mean": 65.96000000000001, "test_acc_uncertainty": 2.301000000000002, "test_acc_std": 2.2852570971337096}, "0.059665871121718374": {"test_acc_list": [0.662, 0.623, 0.653, 0.64, 0.627], "test_acc_mean": 64.1, "test_acc_uncertainty": 1.3000000000000114, "test_acc_std": 1.4872793954062569}, "0.11742243436754177": {"test_acc_list": [0.615, 0.607, 0.67, 0.64, 0.618], "test_acc_mean": 63.0, "test_acc_uncertainty": 2.1400000000000006, "test_acc_std": 2.2794736234490642}, "0.17231503579952268": {"test_acc_list": [0.606, 0.627, 0.667, 0.659, 0.63], "test_acc_mean": 63.779999999999994, "test_acc_uncertainty": 1.9199999999999946, "test_acc_std": 2.2319498202244614}, "0.22887828162291168": {"test_acc_list": [0.645, 0.612, 0.662, 0.658, 0.626], "test_acc_mean": 64.06, "test_acc_uncertainty": 1.6400000000000077, "test_acc_std": 1.9032603605392524}, "0.28066825775656323": {"test_acc_list": [0.613, 0.591, 0.613, 0.655, 0.601], "test_acc_mean": 61.459999999999994, "test_acc_uncertainty": 2.1200000000000117, "test_acc_std": 2.181375712709759}, "0.3298329355608592": {"test_acc_list": [0.618, 0.58, 0.623, 0.639, 0.598], "test_acc_mean": 61.15999999999999, "test_acc_uncertainty": 1.6800000000000068, "test_acc_std": 2.0519259245888986}, "0.3768496420047733": {"test_acc_list": [0.597, 0.582, 0.643, 0.647, 0.587], "test_acc_mean": 61.11999999999999, "test_acc_uncertainty": 2.420000000000009, "test_acc_std": 2.8045677028732987}, "0.4167064439140811": {"test_acc_list": [0.603, 0.587, 0.612, 0.654, 0.599], "test_acc_mean": 61.1, "test_acc_uncertainty": 2.1215000000000046, "test_acc_std": 2.295212408471167}, "0.45775656324582337": {"test_acc_list": [0.604, 0.573, 0.645, 0.641, 0.59], "test_acc_mean": 61.05999999999999, "test_acc_uncertainty": 2.460000000000015, "test_acc_std": 2.8246061672381866}, "0.49021479713603816": {"test_acc_list": [0.612, 0.595, 0.631, 0.632, 0.574], "test_acc_mean": 60.879999999999995, "test_acc_uncertainty": 1.900500000000001, "test_acc_std": 2.210339340463361}, "0.5307875894988067": {"test_acc_list": [0.611, 0.576, 0.613, 0.622, 0.59], "test_acc_mean": 60.239999999999995, "test_acc_uncertainty": 1.6200000000000045, "test_acc_std": 1.68594187325661}}}