{
    "delete_[ratio]_[1]": {
        "before_topoinf": {
            "test_acc_list": [
                0.686,
                0.71,
                0.687,
                0.678,
                0.683,
                0.698,
                0.696,
                0.677,
                0.691,
                0.674
            ],
            "test_acc_mean": 68.8,
            "test_acc_uncertainty": 0.6902499999999918,
            "test_acc_std": 1.050714042925092
        },
        "before_retrain": {
            "test_acc_list": [
                0.6880000000000001,
                0.713,
                0.6910000000000001,
                0.68,
                0.686,
                0.701,
                0.705,
                0.68,
                0.696,
                0.679
            ],
            "test_acc_mean": 69.19000000000001,
            "test_acc_uncertainty": 0.6702499999999674,
            "test_acc_std": 1.103131905077536
        },
        "after_retrain": {
            "test_acc_list": [
                0.6920000000000001,
                0.707,
                0.682,
                0.703,
                0.682,
                0.699,
                0.694,
                0.6880000000000001,
                0.709,
                0.678
            ],
            "test_acc_mean": 69.33999999999999,
            "test_acc_uncertainty": 0.6502499999999714,
            "test_acc_std": 1.039422916814898
        }
    },
    "delete_[ratio]_[2]": {
        "before_topoinf": {
            "test_acc_list": [
                0.686,
                0.71,
                0.687,
                0.678,
                0.683,
                0.698,
                0.696,
                0.677,
                0.691,
                0.674
            ],
            "test_acc_mean": 68.8,
            "test_acc_uncertainty": 0.7199999999999989,
            "test_acc_std": 1.050714042925092
        },
        "before_retrain": {
            "test_acc_list": [
                0.6940000000000001,
                0.708,
                0.6880000000000001,
                0.703,
                0.683,
                0.696,
                0.696,
                0.6890000000000001,
                0.708,
                0.68
            ],
            "test_acc_mean": 69.45,
            "test_acc_uncertainty": 0.5602499999999822,
            "test_acc_std": 0.9254728521139846
        },
        "after_retrain": {
            "test_acc_list": [
                0.681,
                0.707,
                0.701,
                0.707,
                0.6910000000000001,
                0.697,
                0.6950000000000001,
                0.697,
                0.699,
                0.681
            ],
            "test_acc_mean": 69.56,
            "test_acc_uncertainty": 0.539999999999992,
            "test_acc_std": 0.867409937688054
        }
    },
    "delete_[ratio]_[3]": {
        "before_topoinf": {
            "test_acc_list": [
                0.686,
                0.71,
                0.687,
                0.678,
                0.683,
                0.698,
                0.696,
                0.677,
                0.691,
                0.674
            ],
            "test_acc_mean": 68.8,
            "test_acc_uncertainty": 0.6905000000000143,
            "test_acc_std": 1.050714042925092
        },
        "before_retrain": {
            "test_acc_list": [
                0.6841651513899117,
                0.7081651513899117,
                0.7021651513899116,
                0.7041651513899116,
                0.6941651513899117,
                0.6981651513899116,
                0.6991651513899116,
                0.6971651513899116,
                0.7011651513899116,
                0.6831651513899117
            ],
            "test_acc_mean": 69.71651513899117,
            "test_acc_uncertainty": 0.5202500000000043,
            "test_acc_std": 0.768114574786856
        },
        "after_retrain": {
            "test_acc_list": [
                0.7011651513899116,
                0.7181651513899117,
                0.7141651513899117,
                0.6931651513899117,
                0.6951651513899118,
                0.6961651513899118,
                0.7101651513899117,
                0.6941651513899117,
                0.6931651513899117,
                0.6761651513899117
            ],
            "test_acc_mean": 69.91651513899117,
            "test_acc_uncertainty": 0.6800000000000068,
            "test_acc_std": 1.167047556871609
        }
    },
    "delete_[ratio]_[4]": {
        "before_topoinf": {
            "test_acc_list": [
                0.686,
                0.71,
                0.687,
                0.678,
                0.683,
                0.698,
                0.696,
                0.677,
                0.691,
                0.674
            ],
            "test_acc_mean": 68.8,
            "test_acc_uncertainty": 0.6802500000000009,
            "test_acc_std": 1.050714042925092
        },
        "before_retrain": {
            "test_acc_list": [
                0.6987979589711326,
                0.7197979589711326,
                0.7137979589711326,
                0.6937979589711327,
                0.6947979589711327,
                0.6957979589711327,
                0.7087979589711326,
                0.6937979589711327,
                0.6927979589711327,
                0.6787979589711327
            ],
            "test_acc_mean": 69.90979589711327,
            "test_acc_uncertainty": 0.7199999999999989,
            "test_acc_std": 1.129645962237725
        },
        "after_retrain": {
            "test_acc_list": [
                0.6957979589711327,
                0.7157979589711326,
                0.7147979589711326,
                0.6997979589711326,
                0.6987979589711326,
                0.6737979589711327,
                0.6927979589711327,
                0.6957979589711327,
                0.6837979589711327,
                0.6887979589711327
            ],
            "test_acc_mean": 69.59979589711327,
            "test_acc_uncertainty": 0.710250000000002,
            "test_acc_std": 1.2130952147296568
        }
    },
    "delete_[ratio]_[5]": {
        "before_topoinf": {
            "test_acc_list": [
                0.686,
                0.71,
                0.687,
                0.678,
                0.683,
                0.698,
                0.696,
                0.677,
                0.691,
                0.674
            ],
            "test_acc_mean": 68.8,
            "test_acc_uncertainty": 0.7000000000000028,
            "test_acc_std": 1.050714042925092
        },
        "before_retrain": {
            "test_acc_list": [
                0.6970000000000001,
                0.715,
                0.714,
                0.699,
                0.698,
                0.674,
                0.6930000000000001,
                0.6950000000000001,
                0.681,
                0.6900000000000001
            ],
            "test_acc_mean": 69.56,
            "test_acc_uncertainty": 0.8004999999999853,
            "test_acc_std": 1.2051555916146224
        },
        "after_retrain": {
            "test_acc_list": [
                0.708,
                0.714,
                0.707,
                0.6970000000000001,
                0.684,
                0.6920000000000001,
                0.7,
                0.686,
                0.7,
                0.683
            ],
            "test_acc_mean": 69.71000000000001,
            "test_acc_uncertainty": 0.6400000000000006,
            "test_acc_std": 1.0192644406629665
        }
    },