{"none": {"test_acc_list": [0.808, 0.782, 0.809, 0.806, 0.823], "test_acc_mean": 80.56, "test_acc_uncertainty": 1.299999999999983, "test_acc_std": 1.324537655183875}, "pos": {"0.0": {"test_acc_list": [0.808, 0.782, 0.809, 0.806, 0.823], "test_acc_mean": 80.56, "test_acc_uncertainty": 1.2999999999999972, "test_acc_std": 1.324537655183875}, "0.04741134079271762": {"test_acc_list": [0.803, 0.803, 0.803, 0.804, 0.8], "test_acc_mean": 80.26000000000002, "test_acc_uncertainty": 0.14000000000001478, "test_acc_std": 0.13564659966250855}, "0.09482268158543523": {"test_acc_list": [0.796, 0.799, 0.791, 0.796, 0.807], "test_acc_mean": 79.78, "test_acc_uncertainty": 0.5400000000000063, "test_acc_std": 0.5268775948927775}, "0.14223402237815286": {"test_acc_list": [0.807, 0.798, 0.794, 0.803, 0.824], "test_acc_mean": 80.52000000000001, "test_acc_uncertainty": 0.9399999999999835, "test_acc_std": 1.038075141788872}, "0.18964536317087047": {"test_acc_list": [0.807, 0.798, 0.794, 0.789, 0.805], "test_acc_mean": 79.86, "test_acc_uncertainty": 0.5999999999999943, "test_acc_std": 0.6711184694224989}, "0.23705670396358808": {"test_acc_list": [0.805, 0.793, 0.787, 0.792, 0.804], "test_acc_mean": 79.62, "test_acc_uncertainty": 0.6005000000000109, "test_acc_std": 0.7082372483850313}, "0.2844680447563057": {"test_acc_list": [0.801, 0.789, 0.798, 0.793, 0.803], "test_acc_mean": 79.68, "test_acc_uncertainty": 0.46000000000000796, "test_acc_std": 0.5153639490690084}, "0.33187938554902335": {"test_acc_list": [0.799, 0.794, 0.789, 0.792, 0.792], "test_acc_mean": 79.32000000000001, "test_acc_uncertainty": 0.29999999999999716, "test_acc_std": 0.3310589071449374}, "0.37929072634174094": {"test_acc_list": [0.798, 0.792, 0.795, 0.78, 0.792], "test_acc_mean": 79.14, "test_acc_uncertainty": 0.5414999999999992, "test_acc_std": 0.6118823416311368}, "0.4267020671344586": {"test_acc_list": [0.803, 0.806, 0.802, 0.806, 0.796], "test_acc_mean": 80.26000000000002, "test_acc_uncertainty": 0.3400000000000034, "test_acc_std": 0.3666060555964675}, "0.47411340792717616": {"test_acc_list": [0.797, 0.794, 0.809, 0.796, 0.798], "test_acc_mean": 79.88000000000001, "test_acc_uncertainty": 0.539999999999992, "test_acc_std": 0.5268775948927794}, "0.5215247487198938": {"test_acc_list": [0.796, 0.797, 0.794, 0.782, 0.781], "test_acc_mean": 79.00000000000001, "test_acc_uncertainty": 0.5800000000000267, "test_acc_std": 0.7014271166700071}}, "neg": {"0.0": {"test_acc_list": [0.808, 0.782, 0.809, 0.806, 0.823], "test_acc_mean": 80.56, "test_acc_uncertainty": 1.3400000000000034, "test_acc_std": 1.324537655183875}, "0.04741134079271762": {"test_acc_list": [0.807, 0.799, 0.825, 0.797, 0.821], "test_acc_mean": 80.97999999999999, "test_acc_uncertainty": 1.0799999999999983, "test_acc_std": 1.1356055653262682}, "0.09482268158543523": {"test_acc_list": [0.817, 0.785, 0.821, 0.793, 0.817], "test_acc_mean": 80.66, "test_acc_uncertainty": 1.3599999999999994, "test_acc_std": 1.4664242223858652}, "0.14223402237815286": {"test_acc_list": [0.811, 0.788, 0.806, 0.786, 0.796], "test_acc_mean": 79.74000000000001, "test_acc_uncertainty": 0.8599999999999994, "test_acc_std": 0.9789790600416356}, "0.18964536317087047": {"test_acc_list": [0.813, 0.773, 0.804, 0.762, 0.811], "test_acc_mean": 79.26, "test_acc_uncertainty": 1.8599999999999994, "test_acc_std": 2.1000952359357434}, "0.23705670396358808": {"test_acc_list": [0.8, 0.763, 0.797, 0.762, 0.786], "test_acc_mean": 78.16, "test_acc_uncertainty": 1.4599999999999795, "test_acc_std": 1.6280049139974988}, "0.28351981794045134": {"test_acc_list": [0.797, 0.758, 0.798, 0.746, 0.783], "test_acc_mean": 77.64, "test_acc_uncertainty": 1.8200000000000074, "test_acc_std": 2.0962824237206257}, "0.32903470510146027": {"test_acc_list": [0.803, 0.781, 0.806, 0.753, 0.787], "test_acc_mean": 78.60000000000001, "test_acc_uncertainty": 1.6200000000000045, "test_acc_std": 1.899473611293407}, "0.37398065617295656": {"test_acc_list": [0.811, 0.776, 0.784, 0.738, 0.788], "test_acc_mean": 77.94000000000001, "test_acc_uncertainty": 2.299999999999997, "test_acc_std": 2.374531532744936}, "0.4120993741703015": {"test_acc_list": [0.791, 0.75, 0.802, 0.732, 0.776], "test_acc_mean": 77.02000000000001, "test_acc_uncertainty": 2.280000000000001, "test_acc_std": 2.586426105652355}, "0.45325241797838045": {"test_acc_list": [0.747, 0.735, 0.783, 0.699, 0.774], "test_acc_mean": 74.75999999999999, "test_acc_uncertainty": 2.6400000000000006, "test_acc_std": 2.99038459065051}, "0.4947847525128011": {"test_acc_list": [0.758, 0.723, 0.785, 0.679, 0.756], "test_acc_mean": 74.02000000000001, "test_acc_uncertainty": 3.0, "test_acc_std": 3.637251709739097}, "0.5374549592262469": {"test_acc_list": [0.745, 0.704, 0.751, 0.672, 0.743], "test_acc_mean": 72.3, "test_acc_uncertainty": 3.0, "test_acc_std": 3.0430248109405866}}}