{"none": {"test_acc_list": [0.819, 0.801, 0.821, 0.82, 0.802], "test_acc_mean": 81.26, "test_acc_uncertainty": 0.7599999999999909, "test_acc_std": 0.9090654541890758}, "pos": {"0.0": {"test_acc_list": [0.819, 0.801, 0.821, 0.82, 0.802], "test_acc_mean": 81.26, "test_acc_uncertainty": 0.7600000000000051, "test_acc_std": 0.9090654541890758}, "0.04741134079271762": {"test_acc_list": [0.811, 0.813, 0.814, 0.805, 0.821], "test_acc_mean": 81.28, "test_acc_uncertainty": 0.47999999999998977, "test_acc_std": 0.5153639490690022}, "0.09482268158543523": {"test_acc_list": [0.815, 0.816, 0.819, 0.809, 0.815], "test_acc_mean": 81.47999999999999, "test_acc_uncertainty": 0.3199999999999932, "test_acc_std": 0.3249615361854338}, "0.14223402237815286": {"test_acc_list": [0.808, 0.817, 0.824, 0.808, 0.812], "test_acc_mean": 81.38, "test_acc_uncertainty": 0.5600000000000023, "test_acc_std": 0.607947366142818}, "0.18964536317087047": {"test_acc_list": [0.822, 0.8, 0.805, 0.798, 0.815], "test_acc_mean": 80.8, "test_acc_uncertainty": 0.8199999999999932, "test_acc_std": 0.9143303560529908}, "0.23705670396358808": {"test_acc_list": [0.823, 0.788, 0.811, 0.806, 0.809], "test_acc_mean": 80.74000000000001, "test_acc_uncertainty": 1.1599999999999966, "test_acc_std": 1.1288932633336075}, "0.2844680447563057": {"test_acc_list": [0.791, 0.797, 0.796, 0.791, 0.813], "test_acc_mean": 79.76000000000002, "test_acc_uncertainty": 0.7799999999999727, "test_acc_std": 0.8089499366462631}, "0.33187938554902335": {"test_acc_list": [0.809, 0.803, 0.815, 0.805, 0.805], "test_acc_mean": 80.74000000000001, "test_acc_uncertainty": 0.4000000000000057, "test_acc_std": 0.4270831300812505}, "0.37929072634174094": {"test_acc_list": [0.801, 0.809, 0.807, 0.803, 0.805], "test_acc_mean": 80.5, "test_acc_uncertainty": 0.23999999999999488, "test_acc_std": 0.282842712474617}, "0.4267020671344586": {"test_acc_list": [0.807, 0.803, 0.813, 0.812, 0.812], "test_acc_mean": 80.94, "test_acc_uncertainty": 0.3604999999999876, "test_acc_std": 0.3826225293941759}, "0.47411340792717616": {"test_acc_list": [0.792, 0.806, 0.823, 0.812, 0.799], "test_acc_mean": 80.64000000000001, "test_acc_uncertainty": 0.9599999999999795, "test_acc_std": 1.0669582934679291}, "0.5215247487198938": {"test_acc_list": [0.806, 0.803, 0.806, 0.782, 0.803], "test_acc_mean": 80.00000000000001, "test_acc_uncertainty": 0.9000000000000199, "test_acc_std": 0.9099450532861887}}, "neg": {"0.0": {"test_acc_list": [0.819, 0.801, 0.821, 0.82, 0.802], "test_acc_mean": 81.26, "test_acc_uncertainty": 0.7600000000000051, "test_acc_std": 0.9090654541890758}, "0.04741134079271762": {"test_acc_list": [0.818, 0.806, 0.823, 0.807, 0.814], "test_acc_mean": 81.35999999999999, "test_acc_uncertainty": 0.5599999999999881, "test_acc_std": 0.6468384651518454}, "0.09482268158543523": {"test_acc_list": [0.811, 0.812, 0.821, 0.816, 0.816], "test_acc_mean": 81.52000000000001, "test_acc_uncertainty": 0.2804999999999893, "test_acc_std": 0.3544009029333821}, "0.14223402237815286": {"test_acc_list": [0.807, 0.797, 0.813, 0.812, 0.81], "test_acc_mean": 80.78, "test_acc_uncertainty": 0.5799999999999983, "test_acc_std": 0.5775811631277449}, "0.18964536317087047": {"test_acc_list": [0.788, 0.782, 0.815, 0.809, 0.816], "test_acc_mean": 80.2, "test_acc_uncertainty": 1.220000000000013, "test_acc_std": 1.4212670403551888}, "0.23705670396358808": {"test_acc_list": [0.805, 0.798, 0.797, 0.783, 0.814], "test_acc_mean": 79.94, "test_acc_uncertainty": 0.9224999999999994, "test_acc_std": 1.0209799214480155}, "0.28351981794045134": {"test_acc_list": [0.803, 0.793, 0.81, 0.784, 0.804], "test_acc_mean": 79.88, "test_acc_uncertainty": 0.9000000000000057, "test_acc_std": 0.9195651146058121}, "0.32903470510146027": {"test_acc_list": [0.792, 0.789, 0.81, 0.782, 0.782], "test_acc_mean": 79.1, "test_acc_uncertainty": 0.9215000000000089, "test_acc_std": 1.0276186062932091}, "0.37398065617295656": {"test_acc_list": [0.793, 0.772, 0.801, 0.8, 0.8], "test_acc_mean": 79.32000000000001, "test_acc_uncertainty": 1.1400000000000006, "test_acc_std": 1.0979981785048645}, "0.4120993741703015": {"test_acc_list": [0.781, 0.742, 0.797, 0.782, 0.801], "test_acc_mean": 78.06, "test_acc_uncertainty": 1.960000000000008, "test_acc_std": 2.0867199141236}, "0.45325241797838045": {"test_acc_list": [0.758, 0.757, 0.774, 0.772, 0.774], "test_acc_mean": 76.7, "test_acc_uncertainty": 0.6799999999999926, "test_acc_std": 0.7797435475847194}, "0.4947847525128011": {"test_acc_list": [0.763, 0.721, 0.742, 0.76, 0.753], "test_acc_mean": 74.78, "test_acc_uncertainty": 1.420000000000016, "test_acc_std": 1.522366578718806}, "0.5374549592262469": {"test_acc_list": [0.747, 0.75, 0.753, 0.756, 0.753], "test_acc_mean": 75.18, "test_acc_uncertainty": 0.29999999999999716, "test_acc_std": 0.3059411708155642}}}