{"none": {"test_acc_list": [0.814, 0.813, 0.807, 0.796, 0.803], "test_acc_mean": 80.66, "test_acc_uncertainty": 0.5799999999999841, "test_acc_std": 0.6651315659326292}, "pos": {"0.0": {"test_acc_list": [0.814, 0.813, 0.807, 0.796, 0.803], "test_acc_mean": 80.66, "test_acc_uncertainty": 0.6199999999999903, "test_acc_std": 0.6651315659326292}, "0.04741134079271762": {"test_acc_list": [0.805, 0.812, 0.808, 0.792, 0.813], "test_acc_mean": 80.6, "test_acc_uncertainty": 0.7205000000000013, "test_acc_std": 0.7563068160475609}, "0.09482268158543523": {"test_acc_list": [0.807, 0.799, 0.803, 0.797, 0.801], "test_acc_mean": 80.14000000000001, "test_acc_uncertainty": 0.3199999999999932, "test_acc_std": 0.34409301068170534}, "0.14223402237815286": {"test_acc_list": [0.802, 0.802, 0.799, 0.803, 0.804], "test_acc_mean": 80.2, "test_acc_uncertainty": 0.1599999999999966, "test_acc_std": 0.16733200530681577}, "0.18964536317087047": {"test_acc_list": [0.808, 0.808, 0.801, 0.79, 0.794], "test_acc_mean": 80.02000000000001, "test_acc_uncertainty": 0.6400000000000006, "test_acc_std": 0.7277362159464141}, "0.23705670396358808": {"test_acc_list": [0.814, 0.801, 0.799, 0.784, 0.802], "test_acc_mean": 80.0, "test_acc_uncertainty": 0.9200000000000017, "test_acc_std": 0.9570788891204276}, "0.2844680447563057": {"test_acc_list": [0.813, 0.805, 0.813, 0.792, 0.797], "test_acc_mean": 80.4, "test_acc_uncertainty": 0.7805000000000035, "test_acc_std": 0.843800924389157}, "0.33187938554902335": {"test_acc_list": [0.805, 0.786, 0.789, 0.791, 0.812], "test_acc_mean": 79.66, "test_acc_uncertainty": 0.9399999999999977, "test_acc_std": 1.0091580649234264}, "0.37929072634174094": {"test_acc_list": [0.819, 0.776, 0.812, 0.791, 0.813], "test_acc_mean": 80.22, "test_acc_uncertainty": 1.4599999999999795, "test_acc_std": 1.6166632302368917}, "0.4267020671344586": {"test_acc_list": [0.807, 0.817, 0.802, 0.805, 0.811], "test_acc_mean": 80.84, "test_acc_uncertainty": 0.5, "test_acc_std": 0.5199999999999962}, "0.47411340792717616": {"test_acc_list": [0.823, 0.802, 0.79, 0.785, 0.81], "test_acc_mean": 80.2, "test_acc_uncertainty": 1.3399999999999892, "test_acc_std": 1.3696714934611136}, "0.5215247487198938": {"test_acc_list": [0.801, 0.788, 0.8, 0.795, 0.792], "test_acc_mean": 79.52, "test_acc_uncertainty": 0.45999999999999375, "test_acc_std": 0.4874423042781601}}, "neg": {"0.0": {"test_acc_list": [0.814, 0.813, 0.807, 0.796, 0.803], "test_acc_mean": 80.66, "test_acc_uncertainty": 0.5799999999999841, "test_acc_std": 0.6651315659326292}, "0.04741134079271762": {"test_acc_list": [0.818, 0.799, 0.803, 0.793, 0.81], "test_acc_mean": 80.46000000000001, "test_acc_uncertainty": 0.799999999999983, "test_acc_std": 0.8685620300243373}, "0.09482268158543523": {"test_acc_list": [0.804, 0.802, 0.807, 0.778, 0.808], "test_acc_mean": 79.98, "test_acc_uncertainty": 1.1000000000000085, "test_acc_std": 1.1106754701531896}, "0.14223402237815286": {"test_acc_list": [0.807, 0.804, 0.811, 0.773, 0.8], "test_acc_mean": 79.9, "test_acc_uncertainty": 1.3000000000000114, "test_acc_std": 1.3490737563232074}, "0.18964536317087047": {"test_acc_list": [0.81, 0.781, 0.794, 0.777, 0.81], "test_acc_mean": 79.44000000000001, "test_acc_uncertainty": 1.240000000000009, "test_acc_std": 1.3922643427165668}, "0.23705670396358808": {"test_acc_list": [0.802, 0.778, 0.804, 0.768, 0.783], "test_acc_mean": 78.7, "test_acc_uncertainty": 1.2000000000000028, "test_acc_std": 1.3942740046346733}, "0.28351981794045134": {"test_acc_list": [0.78, 0.775, 0.812, 0.754, 0.776], "test_acc_mean": 77.94000000000001, "test_acc_uncertainty": 1.8199999999999932, "test_acc_std": 1.8650469162999617}, "0.32903470510146027": {"test_acc_list": [0.794, 0.795, 0.804, 0.761, 0.785], "test_acc_mean": 78.78, "test_acc_uncertainty": 1.5200000000000102, "test_acc_std": 1.468877122158287}, "0.37398065617295656": {"test_acc_list": [0.784, 0.744, 0.803, 0.759, 0.778], "test_acc_mean": 77.36, "test_acc_uncertainty": 1.9799999999999898, "test_acc_std": 2.0401960690090557}, "0.4120993741703015": {"test_acc_list": [0.775, 0.741, 0.79, 0.74, 0.782], "test_acc_mean": 76.56, "test_acc_uncertainty": 1.8199999999999932, "test_acc_std": 2.1039011383617834}, "0.45325241797838045": {"test_acc_list": [0.754, 0.733, 0.771, 0.732, 0.77], "test_acc_mean": 75.2, "test_acc_uncertainty": 1.5204999999999984, "test_acc_std": 1.702938636592642}, "0.4947847525128011": {"test_acc_list": [0.744, 0.718, 0.765, 0.722, 0.756], "test_acc_mean": 74.1, "test_acc_uncertainty": 1.6199999999999903, "test_acc_std": 1.8439088914585768}, "0.5374549592262469": {"test_acc_list": [0.739, 0.71, 0.739, 0.712, 0.735], "test_acc_mean": 72.7, "test_acc_uncertainty": 1.1200000000000045, "test_acc_std": 1.3160547101089695}}}