ratio,test_acc_mean
0.0,81.26
0.0,81.26
0.02898268819295857,81.84
0.02898268819295857,81.84
0.05679828827076444,82.36
