{
    "delete_[ratio]_[1]": {
        "before_topoinf": {
            "test_acc_list": [
                0.655,
                0.645,
                0.658,
                0.685,
                0.641,
                0.659,
                0.67,
                0.663,
                0.665,
                0.669
            ],
            "test_acc_mean": 66.1,
            "test_acc_uncertainty": 0.7399999999999949,
            "test_acc_std": 1.2024974012445944
        },
        "before_retrain": {
            "test_acc_list": [
                0.656,
                0.654,
                0.659,
                0.6920000000000001,
                0.645,
                0.667,
                0.673,
                0.673,
                0.67,
                0.675
            ],
            "test_acc_mean": 66.64000000000001,
            "test_acc_uncertainty": 0.7407499999999914,
            "test_acc_std": 1.2666491226855212
        },
        "after_retrain": {
            "test_acc_list": [
                0.663,
                0.654,
                0.649,
                0.687,
                0.65,
                0.652,
                0.6890000000000001,
                0.661,
                0.672,
                0.658
            ],
            "test_acc_mean": 66.35,
            "test_acc_uncertainty": 0.8799999999999955,
            "test_acc_std": 1.3879841497654075
        }
    },
    "delete_[ratio]_[2]": {
        "before_topoinf": {
            "test_acc_list": [
                0.655,
                0.645,
                0.658,
                0.685,
                0.641,
                0.659,
                0.67,
                0.663,
                0.665,
                0.669
            ],
            "test_acc_mean": 66.1,
            "test_acc_uncertainty": 0.7599999999999909,
            "test_acc_std": 1.2024974012445944
        },
        "before_retrain": {
            "test_acc_list": [
                0.663,
                0.656,
                0.65,
                0.6940000000000001,
                0.651,
                0.654,
                0.6900000000000001,
                0.66,
                0.675,
                0.66
            ],
            "test_acc_mean": 66.53,
            "test_acc_uncertainty": 0.9205000000000041,
            "test_acc_std": 1.4973643511183234
        },
        "after_retrain": {
            "test_acc_list": [
                0.649,
                0.662,
                0.658,
                0.697,
                0.659,
                0.657,
                0.6900000000000001,
                0.674,
                0.677,
                0.667
            ],
            "test_acc_mean": 66.9,
            "test_acc_uncertainty": 0.9107499999999789,
            "test_acc_std": 1.4601369798755155
        }
    },
    "delete_[ratio]_[3]": {
        "before_topoinf": {
            "test_acc_list": [
                0.655,
                0.645,
                0.658,
                0.685,
                0.641,
                0.659,
                0.67,
                0.663,
                0.665,
                0.669
            ],
            "test_acc_mean": 66.1,
            "test_acc_uncertainty": 0.8299999999999983,
            "test_acc_std": 1.2024974012445944
        },
        "before_retrain": {
            "test_acc_list": [
                0.6521651513899117,
                0.6631651513899117,
                0.6551651513899117,
                0.6971651513899116,
                0.6601651513899117,
                0.6581651513899117,
                0.6921651513899117,
                0.6731651513899117,
                0.6801651513899117,
                0.6651651513899117
            ],
            "test_acc_mean": 66.96651513899117,
            "test_acc_uncertainty": 0.9799999999999898,
            "test_acc_std": 1.4786818454285555
        },
        "after_retrain": {
            "test_acc_list": [
                0.6771651513899117,
                0.6621651513899117,
                0.6561651513899117,
                0.6821651513899117,
                0.6671651513899117,
                0.6641651513899117,
                0.6871651513899117,
                0.6761651513899117,
                0.6791651513899117,
                0.6481651513899117
            ],
            "test_acc_mean": 66.99651513899117,
            "test_acc_uncertainty": 0.789999999999992,
            "test_acc_std": 1.1779643458101785
        }
    },
    "delete_[ratio]_[4]": {
        "before_topoinf": {
            "test_acc_list": [
                0.655,
                0.645,
                0.658,
                0.685,
                0.641,
                0.659,
                0.67,
                0.663,
                0.665,
                0.669
            ],
            "test_acc_mean": 66.1,
            "test_acc_uncertainty": 0.7502499999999941,
            "test_acc_std": 1.2024974012445944
        },
        "before_retrain": {
            "test_acc_list": [
                0.6757979589711327,
                0.6637979589711327,
                0.6577979589711327,
                0.6817979589711327,
                0.6627979589711327,
                0.6647979589711327,
                0.6867979589711327,
                0.6787979589711327,
                0.6777979589711327,
                0.6537979589711327
            ],
            "test_acc_mean": 67.03979589711327,
            "test_acc_uncertainty": 0.7005000000000052,
            "test_acc_std": 1.0584894897919384
        },
        "after_retrain": {
            "test_acc_list": [
                0.6627979589711327,
                0.6617979589711327,
                0.6767979589711327,
                0.6687979589711327,
                0.6727979589711327,
                0.6627979589711327,
                0.6927979589711327,
                0.6897979589711327,
                0.6857979589711327,
                0.6577979589711327
            ],
            "test_acc_mean": 67.31979589711327,
            "test_acc_uncertainty": 0.75,
            "test_acc_std": 1.1976643937263902
        }
    },
    "delete_[ratio]_[5]": {
        "before_topoinf": {
            "test_acc_list": [
                0.655,
                0.645,
                0.658,
                0.685,
                0.641,
                0.659,
                0.67,
                0.663,
                0.665,
                0.669
            ],
            "test_acc_mean": 66.1,
            "test_acc_uncertainty": 0.7602499999999992,
            "test_acc_std": 1.2024974012445944
        },
        "before_retrain": {
            "test_acc_list": [
                0.663,
                0.664,
                0.676,
                0.672,
                0.675,
                0.664,
                0.6950000000000001,
                0.6890000000000001,
                0.685,
                0.661
            ],
            "test_acc_mean": 67.44,
            "test_acc_uncertainty": 0.710000000000008,
            "test_acc_std": 1.1333137253205743
        },
        "after_retrain": {
            "test_acc_list": [
                0.663,
                0.659,
                0.67,
                0.669,
                0.658,
                0.66,
                0.702,
                0.686,
                0.675,
                0.649
            ],
            "test_acc_mean": 66.91,
            "test_acc_uncertainty": 0.9305000000000092,
            "test_acc_std": 1.467276388414941
        }
    },
    "delete_[ratio]_[6]": {
        "before_topoinf": {
            "test_acc_list": [
                0.655,
                0.645,
                0.658,
                0.685,
                0.641,
                0.659,
                0.67,
                0.663,
                0.665,
                0.669
            ],
            "test_acc_mean": 66.1,