{
    "delete_[ratio]_[1]": {
        "before_topoinf": {
            "test_acc_list": [
                0.775,
                0.784,
                0.779,
                0.78,
                0.769,
                0.779,
                0.788,
                0.799,
                0.778,
                0.774
            ],
            "test_acc_mean": 78.04999999999998,
            "test_acc_uncertainty": 0.5400000000000205,
            "test_acc_std": 0.7915175298121955
        },
        "before_retrain": {
            "test_acc_list": [
                0.781,
                0.788,
                0.786,
                0.783,
                0.775,
                0.783,
                0.791,
                0.807,
                0.781,
                0.78
            ],
            "test_acc_mean": 78.55000000000001,
            "test_acc_uncertainty": 0.6002499999999884,
            "test_acc_std": 0.8321658488546624
        },
        "after_retrain": {
            "test_acc_list": [
                0.792,
                0.784,
                0.782,
                0.793,
                0.779,
                0.784,
                0.792,
                0.781,
                0.789,
                0.784
            ],
            "test_acc_mean": 78.6,
            "test_acc_uncertainty": 0.31024999999999636,
            "test_acc_std": 0.4816637831516899
        }
    },
    "delete_[ratio]_[2]": {
        "before_topoinf": {
            "test_acc_list": [
                0.775,
                0.784,
                0.779,
                0.78,
                0.769,
                0.779,
                0.788,
                0.799,
                0.778,
                0.774
            ],
            "test_acc_mean": 78.04999999999998,
            "test_acc_uncertainty": 0.5105000000000217,
            "test_acc_std": 0.7915175298121955
        },
        "before_retrain": {
            "test_acc_list": [
                0.789,
                0.785,
                0.785,
                0.795,
                0.78,
                0.783,
                0.791,
                0.78,
                0.793,
                0.783
            ],
            "test_acc_mean": 78.63999999999999,
            "test_acc_uncertainty": 0.35999999999999943,
            "test_acc_std": 0.5043808085167407
        },
        "after_retrain": {
            "test_acc_list": [
                0.799,
                0.784,
                0.789,
                0.784,
                0.779,
                0.783,
                0.788,
                0.778,
                0.794,
                0.784
            ],
            "test_acc_mean": 78.61999999999999,
            "test_acc_uncertainty": 0.38000000000000966,
            "test_acc_std": 0.6161168720299758
        }
    },
    "delete_[ratio]_[3]": {
        "before_topoinf": {
            "test_acc_list": [
                0.775,
                0.784,
                0.779,
                0.78,
                0.769,
                0.779,
                0.788,
                0.799,
                0.778,
                0.774
            ],
            "test_acc_mean": 78.04999999999998,
            "test_acc_uncertainty": 0.5302500000000094,
            "test_acc_std": 0.7915175298121955
        },
        "before_retrain": {
            "test_acc_list": [
                0.7991651513899117,
                0.7871651513899117,
                0.7881651513899117,
                0.7831651513899117,
                0.7801651513899117,
                0.7851651513899117,
                0.7901651513899117,
                0.7811651513899117,
                0.7891651513899117,
                0.7841651513899117
            ],
            "test_acc_mean": 78.67651513899116,
            "test_acc_uncertainty": 0.3402500000000117,
            "test_acc_std": 0.5199999999999999
        },
        "after_retrain": {
            "test_acc_list": [
                0.7991651513899117,
                0.7831651513899117,
                0.7941651513899117,
                0.7811651513899117,
                0.7761651513899117,
                0.7841651513899117,
                0.7891651513899117,
                0.7841651513899117,
                0.7871651513899117,
                0.7841651513899117
            ],
            "test_acc_mean": 78.62651513899117,
            "test_acc_uncertainty": 0.4102500000000049,
            "test_acc_std": 0.6236184731067536
        }
    },
    "delete_[ratio]_[4]": {
        "before_topoinf": {
            "test_acc_list": [
                0.775,
                0.784,
                0.779,
                0.78,
                0.769,
                0.779,
                0.788,
                0.799,
                0.778,
                0.774
            ],
            "test_acc_mean": 78.04999999999998,
            "test_acc_uncertainty": 0.5000000000000142,
            "test_acc_std": 0.7915175298121955
        },
        "before_retrain": {
            "test_acc_list": [
                0.8007979589711327,
                0.7857979589711327,
                0.7937979589711327,
                0.7827979589711327,
                0.7777979589711327,
                0.7847979589711327,
                0.7887979589711327,
                0.7837979589711327,
                0.7887979589711327,
                0.7857979589711327
            ],
            "test_acc_mean": 78.72979589711326,
            "test_acc_uncertainty": 0.4002499999999998,
            "test_acc_std": 0.6020797289396141
        },
        "after_retrain": {
            "test_acc_list": [
                0.7997979589711327,
                0.7887979589711327,
                0.7887979589711327,
                0.7817979589711327,
                0.7787979589711327,
                0.7857979589711327,
                0.7897979589711327,
                0.7867979589711327,
                0.7837979589711327,
                0.7837979589711327
            ],
            "test_acc_mean": 78.67979589711327,
            "test_acc_uncertainty": 0.3602499999999935,
            "test_acc_std": 0.5422176684690403
        }
    },
    "delete_[ratio]_[5]": {
        "before_topoinf": {
            "test_acc_list": [
                0.775,
                0.784,
                0.779,
                0.78,
                0.769,
                0.779,
                0.788,
                0.799,
                0.778,
                0.774
            ],
            "test_acc_mean": 78.04999999999998,
            "test_acc_uncertainty": 0.5200000000000244,
            "test_acc_std": 0.7915175298121955
        },
        "before_retrain": {
            "test_acc_list": [
                0.798,
                0.79,
                0.791,
                0.784,
                0.78,
                0.785,
                0.793,
                0.786,
                0.782,
                0.782
            ],
            "test_acc_mean": 78.71000000000001,
            "test_acc_uncertainty": 0.37000000000000455,
            "test_acc_std": 0.5430469592954202
        },
        "after_retrain": {
            "test_acc_list": [
                0.795,
                0.78,
                0.791,
                0.786,
                0.78,
                0.78,
                0.793,
                0.789,
                0.788,
                0.782
            ],
            "test_acc_mean": 78.64000000000001,
            "test_acc_uncertainty": 0.3500000000000085,
            "test_acc_std": 0.5388877434122995
        }
    },
    "delete_[ratio]_[6]": {
        "before_topoinf": {
            "test_acc_list": [
                0.775,
                0.784,
                0.779,
                0.78,
                0.769,
                0.779,
                0.788,
                0.799,
                0.778,
                0.774
            ],