{
    "delete_[ratio]_[1]": {
        "before_topoinf": {
            "test_acc_list": [
                0.799,
                0.807,
                0.799,
                0.795,
                0.816,
                0.809,
                0.798,
                0.802,
                0.806,
                0.804
            ],
            "test_acc_mean": 80.35,
            "test_acc_uncertainty": 0.3900000000000148,
            "test_acc_std": 0.5920304046246253
        },
        "before_retrain": {
            "test_acc_list": [
                0.8062,
                0.8112,
                0.7992,
                0.7962,
                0.8152,
                0.8132,
                0.8002,
                0.8052,
                0.8102,
                0.8062
            ],
            "test_acc_mean": 80.63000000000001,
            "test_acc_uncertainty": 0.3900000000000148,
            "test_acc_std": 0.5974110812497567
        },
        "after_retrain": {
            "test_acc_list": [
                0.8241999999999999,
                0.8082,
                0.8221999999999999,
                0.8012,
                0.8082,
                0.8122,
                0.8042,
                0.8261999999999999,
                0.8152,
                0.8042
            ],
            "test_acc_mean": 81.26,
            "test_acc_uncertainty": 0.5299999999999869,
            "test_acc_std": 0.85346353173407
        }
    },
    "delete_[ratio]_[2]": {
        "before_topoinf": {
            "test_acc_list": [
                0.799,
                0.807,
                0.799,
                0.795,
                0.816,
                0.809,
                0.798,
                0.802,
                0.806,
                0.804
            ],
            "test_acc_mean": 80.35,
            "test_acc_uncertainty": 0.37025000000001285,
            "test_acc_std": 0.5920304046246253
        },
        "before_retrain": {
            "test_acc_list": [
                0.8296,
                0.8096000000000001,
                0.8266,
                0.7986000000000001,
                0.8106000000000001,
                0.8156000000000001,
                0.8086000000000001,
                0.8256,
                0.8166000000000001,
                0.8026000000000001
            ],
            "test_acc_mean": 81.44000000000001,
            "test_acc_uncertainty": 0.6702499999999816,
            "test_acc_std": 0.9856977224281233
        },
        "after_retrain": {
            "test_acc_list": [
                0.8296,
                0.8186,
                0.8246,
                0.8046000000000001,
                0.8146000000000001,
                0.8166000000000001,
                0.8146000000000001,
                0.8156000000000001,
                0.8226,
                0.8056000000000001
            ],
            "test_acc_mean": 81.67,
            "test_acc_uncertainty": 0.47024999999999295,
            "test_acc_std": 0.739526875779369
        }
    },
    "delete_[ratio]_[3]": {
        "before_topoinf": {
            "test_acc_list": [
                0.799,
                0.807,
                0.799,
                0.795,
                0.816,
                0.809,
                0.798,
                0.802,
                0.806,
                0.804
            ],
            "test_acc_mean": 80.35,
            "test_acc_uncertainty": 0.400250000000014,
            "test_acc_std": 0.5920304046246253
        },
        "before_retrain": {
            "test_acc_list": [
                0.8244156059729382,
                0.8184156059729383,
                0.8174156059729383,
                0.8064156059729383,
                0.8124156059729383,
                0.8194156059729382,
                0.8174156059729383,
                0.8154156059729383,
                0.8224156059729382,
                0.8064156059729383
            ],
            "test_acc_mean": 81.60156059729381,
            "test_acc_uncertainty": 0.37999999999996703,
            "test_acc_std": 0.5748043145279905
        },
        "after_retrain": {
            "test_acc_list": [
                0.8254156059729382,
                0.8144156059729383,
                0.8274156059729382,
                0.8084156059729383,
                0.8064156059729383,
                0.8244156059729382,
                0.8184156059729383,
                0.8154156059729383,
                0.8004156059729383,
                0.8284156059729382
            ],
            "test_acc_mean": 81.69156059729383,
            "test_acc_uncertainty": 0.5400000000000063,
            "test_acc_std": 0.9146037393319547
        }
    },
    "delete_[ratio]_[4]": {
        "before_topoinf": {
            "test_acc_list": [
                0.799,
                0.807,
                0.799,
                0.795,
                0.816,
                0.809,
                0.798,
                0.802,
                0.806,
                0.804
            ],
            "test_acc_mean": 80.35,
            "test_acc_uncertainty": 0.38025000000000375,
            "test_acc_std": 0.5920304046246253
        },
        "before_retrain": {
            "test_acc_list": [
                0.8248585712797929,
                0.814858571279793,
                0.8318585712797929,
                0.814858571279793,
                0.803858571279793,
                0.8218585712797929,
                0.816858571279793,
                0.814858571279793,
                0.805858571279793,
                0.8298585712797929
            ],
            "test_acc_mean": 81.7958571279793,
            "test_acc_uncertainty": 0.5600000000000023,
            "test_acc_std": 0.8791473141629873
        },
        "after_retrain": {
            "test_acc_list": [
                0.816858571279793,
                0.815858571279793,
                0.8298585712797929,
                0.810858571279793,
                0.814858571279793,
                0.817858571279793,
                0.812858571279793,
                0.8258585712797929,
                0.8208585712797929,
                0.807858571279793
            ],
            "test_acc_mean": 81.7358571279793,
            "test_acc_uncertainty": 0.3999999999999915,
            "test_acc_std": 0.6344288770224734
        }
    },
    "delete_[ratio]_[5]": {
        "before_topoinf": {
            "test_acc_list": [
                0.799,
                0.807,
                0.799,
                0.795,
                0.816,
                0.809,
                0.798,
                0.802,
                0.806,
                0.804
            ],
            "test_acc_mean": 80.35,
            "test_acc_uncertainty": 0.4000000000000057,
            "test_acc_std": 0.5920304046246253
        },
        "before_retrain": {
            "test_acc_list": [
                0.8190000000000001,
                0.821,
                0.83,
                0.812,
                0.8140000000000001,
                0.82,
                0.812,
                0.823,
                0.8190000000000001,
                0.809
            ],
            "test_acc_mean": 81.78999999999999,
            "test_acc_uncertainty": 0.3900000000000148,
            "test_acc_std": 0.5940538696111637
        },
        "after_retrain": {
            "test_acc_list": [
                0.831,
                0.808,
                0.832,
                0.8,
                0.808,
                0.8180000000000001,
                0.8180000000000001,
                0.8150000000000001,
                0.826,
                0.809
            ],
            "test_acc_mean": 81.65,
            "test_acc_uncertainty": 0.6602499999999907,
            "test_acc_std": 1.0101980003939792
        }
    },