{"seed": 2024, "dataset": "citeseer", "model_list": ["GCN", "SGC", "APPNP"], "device": 6, "n_runs": 5, "split_mode": "number", "train_rate": 0.6, "val_rate": 0.2, "num_train_per_class": 20, "num_val": 500, "num_test": 1000, "num_layers": 3, "hidden": 64, "dropout": 0.5, "K_appnp": 3, "alpha_appnp": 0.0, "dprate": 0.5, "Init": "PPR", "alpha": 0.1, "lr": 0.01, "weight_decay": 0.0005, "n_epochs": 200, "eval_interval": 1, "print_interval": 50, "early_stopping": 100, "early_stopping_tolerance": 1, "not_save": false, "perf_save_root_dir": "./topoinf_model_performance/", "save_detailed_perf": false, "save_reduced_perf": false, "k_order": 3, "without_self_loops": false, "distance_metric": "inner_product", "coefficients": [0.0, 0.0, 0.0, 1.0], "lambda_reg": 0.1, "topoinf_node_masking": ["test_mask"], "not_verbose": false, "single_processing": false, "mp_core": 8, "save_topoinf": false, "delete_unit": "ratio", "delete_mode_list": ["pos", "neg"], "delete_strategy": "label", "delete_rate_list": [0.0, 0.1, 0.1, 0.1, 0.1, 0.1, 0.1, 0.1, 0.1, 0.1, 0.1, 0.1, 0.1, 0.1], "delete_num_list": [100, 100, 100, 100, 100, 100], "topoinf_threshold": 0.0005, "delete_step_length": 50, "output": "output2/", "GCN": {"none": {"test_acc_list": [0.686, 0.659, 0.68, 0.668, 0.691], "test_acc_mean": 67.67999999999999, "test_acc_uncertainty": 1.0, "test_acc_std": 1.1754148203932075}, "pos": {"0.0": {"test_acc_list": [0.686, 0.659, 0.68, 0.668, 0.691], "test_acc_mean": 67.67999999999999, "test_acc_uncertainty": 1.0200000000000244, "test_acc_std": 1.1754148203932075}, "0.021968365553602813": {"test_acc_list": [0.693, 0.66, 0.681, 0.701, 0.657], "test_acc_mean": 67.84, "test_acc_uncertainty": 1.539999999999992, "test_acc_std": 1.7476841819962758}, "0.043936731107205626": {"test_acc_list": [0.682, 0.67, 0.656, 0.678, 0.699], "test_acc_mean": 67.7, "test_acc_uncertainty": 1.279999999999987, "test_acc_std": 1.4142135623730903}, "0.06590509666080843": {"test_acc_list": [0.675, 0.676, 0.683, 0.676, 0.691], "test_acc_mean": 68.02000000000001, "test_acc_uncertainty": 0.5999999999999943, "test_acc_std": 0.6112282715974418}, "0.08787346221441125": {"test_acc_list": [0.677, 0.699, 0.67, 0.693, 0.69], "test_acc_mean": 68.58, "test_acc_uncertainty": 0.9000000000000057, "test_acc_std": 1.0684568311354437}, "0.10984182776801406": {"test_acc_list": [0.689, 0.705, 0.664, 0.691, 0.688], "test_acc_mean": 68.74, "test_acc_uncertainty": 1.3000000000000114, "test_acc_std": 1.3215142829345408}, "0.13181019332161686": {"test_acc_list": [0.679, 0.705, 0.695, 0.687, 0.678], "test_acc_mean": 68.88000000000001, "test_acc_uncertainty": 0.8999999999999915, "test_acc_std": 1.0166612021711032}, "0.15377855887521968": {"test_acc_list": [0.679, 0.712, 0.658, 0.682, 0.682], "test_acc_mean": 68.26, "test_acc_uncertainty": 1.6799999999999926, "test_acc_std": 1.7223240113288802}, "0.1757469244288225": {"test_acc_list": [0.687, 0.717, 0.656, 0.685, 0.689], "test_acc_mean": 68.67999999999999, "test_acc_uncertainty": 1.8399999999999892, "test_acc_std": 1.9332873557751296}, "0.1977152899824253": {"test_acc_list": [0.694, 0.717, 0.668, 0.686, 0.672], "test_acc_mean": 68.74, "test_acc_uncertainty": 1.5215000000000032, "test_acc_std": 1.7522556891047611}, "0.21968365553602812": {"test_acc_list": [0.692, 0.722, 0.674, 0.662, 0.694], "test_acc_mean": 68.88, "test_acc_uncertainty": 1.7999999999999972, "test_acc_std": 2.038038272457118}, "0.24165202108963094": {"test_acc_list": [0.704, 0.721, 0.672, 0.692, 0.685], "test_acc_mean": 69.47999999999999, "test_acc_uncertainty": 1.3799999999999955, "test_acc_std": 1.6702095676890338}, "0.26362038664323373": {"test_acc_list": [0.71, 0.727, 0.661, 0.695, 0.685], "test_acc_mean": 69.56, "test_acc_uncertainty": 1.8599999999999852, "test_acc_std": 2.237498603351517}, "0.28558875219683655": {"test_acc_list": [0.72, 0.722, 0.678, 0.683, 0.717], "test_acc_mean": 70.4, "test_acc_uncertainty": 1.6210000000000093, "test_acc_std": 1.9318385025669156}}, "neg": {"0.0": {"test_acc_list": [0.686, 0.659, 0.68, 0.668, 0.691], "test_acc_mean": 67.67999999999999, "test_acc_uncertainty": 0.9999999999999858, "test_acc_std": 1.1754148203932075}, "0.06590509666080843": {"test_acc_list": [0.697, 0.658, 0.657, 0.675, 0.671], "test_acc_mean": 67.16, "test_acc_uncertainty": 1.3199999999999932, "test_acc_std": 1.4527215837867862}, "0.13181019332161686": {"test_acc_list": [0.718, 0.653, 0.665, 0.67, 0.66], "test_acc_mean": 67.32000000000001, "test_acc_uncertainty": 2.260000000000005, "test_acc_std": 2.3094588110637515}, "0.1977152899824253": {"test_acc_list": [0.69, 0.692, 0.679, 0.672, 0.685], "test_acc_mean": 68.36, "test_acc_uncertainty": 0.6599999999999966, "test_acc_std": 0.7337574531137614}, "0.2587873462214411": {"test_acc_list": [0.676, 0.692, 0.679, 0.664, 0.677], "test_acc_mean": 67.76, "test_acc_uncertainty": 0.8199999999999932, "test_acc_std": 0.8912911982062821}, "0.3227152899824253": {"test_acc_list": [0.673, 0.719, 0.707, 0.683, 0.686], "test_acc_mean": 69.36, "test_acc_uncertainty": 1.6199999999999903, "test_acc_std": 1.6847551750922078}, "0.3851054481546573": {"test_acc_list": [0.659, 0.663, 0.678, 0.666, 0.712], "test_acc_mean": 67.56, "test_acc_uncertainty": 1.9000000000000057, "test_acc_std": 1.9272778730634563}, "0.4474956063268893": {"test_acc_list": [0.693, 0.693, 0.684, 0.68, 0.712], "test_acc_mean": 69.24, "test_acc_uncertainty": 1.019999999999996, "test_acc_std": 1.1038115781237303}, "0.5032952548330404": {"test_acc_list": [0.704, 0.655, 0.68, 0.701, 0.713], "test_acc_mean": 69.06, "test_acc_uncertainty": 1.9000000000000057, "test_acc_std": 2.0828826179120106}}}, "SGC": {"none": {"test_acc_list": [0.637, 0.652, 0.703, 0.659, 0.647], "test_acc_mean": 65.96000000000001, "test_acc_uncertainty": 2.1999999999999886, "test_acc_std": 2.2852570971337096}, "pos": {"0.0": {"test_acc_list": [0.637, 0.652, 0.703, 0.659, 0.647], "test_acc_mean": 65.96000000000001, "test_acc_uncertainty": 2.1999999999999886, "test_acc_std": 2.2852570971337096}, "0.021968365553602813": {"test_acc_list": [0.641, 0.646, 0.7, 0.652, 0.622], "test_acc_mean": 65.22, "test_acc_uncertainty": 2.6200000000000045, "test_acc_std": 2.592604867695808}, "0.043936731107205626": {"test_acc_list": [0.641, 0.655, 0.693, 0.648, 0.637], "test_acc_mean": 65.47999999999999, "test_acc_uncertainty": 1.940000000000012, "test_acc_std": 2.006389792637512}, "0.06590509666080843": {"test_acc_list": [0.634, 0.646, 0.684, 0.661, 0.641], "test_acc_mean": 65.32000000000001, "test_acc_uncertainty": 1.7014999999999958, "test_acc_std": 1.7769637024992972}, "0.08787346221441125": {"test_acc_list": [0.64, 0.645, 0.655, 0.702, 0.632], "test_acc_mean": 65.47999999999999, "test_acc_uncertainty": 2.3799999999999955, "test_acc_std": 2.4749949494897914}, "0.10984182776801406": {"test_acc_list": [0.637, 0.654, 0.669, 0.667, 0.635], "test_acc_mean": 65.24000000000001, "test_acc_uncertainty": 1.3200000000000074, "test_acc_std": 1.4361058456813007}, "0.13181019332161686": {"test_acc_list": [0.649, 0.653, 0.697, 0.664, 0.673], "test_acc_mean": 66.72, "test_acc_uncertainty": 1.5420000000000016, "test_acc_std": 1.7116074316267693}, "0.15377855887521968": {"test_acc_list": [0.63, 0.661, 0.65, 0.665, 0.655], "test_acc_mean": 65.22, "test_acc_uncertainty": 1.1200000000000045, "test_acc_std": 1.2221292893961764}, "0.1757469244288225": {"test_acc_list": [0.645, 0.662, 0.687, 0.678, 0.655], "test_acc_mean": 66.53999999999999, "test_acc_uncertainty": 1.3400000000000176, "test_acc_std": 1.5239422561239018}, "0.1977152899824253": {"test_acc_list": [0.645, 0.678, 0.689, 0.677, 0.66], "test_acc_mean": 66.97999999999999, "test_acc_uncertainty": 1.2999999999999972, "test_acc_std": 1.5484185480676722}, "0.21968365553602812": {"test_acc_list": [0.652, 0.669, 0.686, 0.676, 0.655], "test_acc_mean": 66.76000000000002, "test_acc_uncertainty": 1.1014999999999873, "test_acc_std": 1.2753038853543919}, "0.24165202108963094": {"test_acc_list": [0.645, 0.671, 0.693, 0.692, 0.651],