{"none": {"test_acc_list": [0.652, 0.655, 0.666, 0.668, 0.674], "test_acc_mean": 66.3, "test_acc_uncertainty": 0.7199999999999989, "test_acc_std": 0.8246211251235331}, "pos": {"0.0": {"test_acc_list": [0.652, 0.655, 0.666, 0.668, 0.674], "test_acc_mean": 66.3, "test_acc_uncertainty": 0.7200000000000131, "test_acc_std": 0.8246211251235331}, "0.021968365553602813": {"test_acc_list": [0.638, 0.659, 0.658, 0.677, 0.678], "test_acc_mean": 66.2, "test_acc_uncertainty": 1.2000000000000028, "test_acc_std": 1.4710540438746649}, "0.043936731107205626": {"test_acc_list": [0.659, 0.645, 0.661, 0.668, 0.634], "test_acc_mean": 65.34, "test_acc_uncertainty": 1.1800000000000068, "test_acc_std": 1.2240914998479497}, "0.06590509666080843": {"test_acc_list": [0.637, 0.681, 0.671, 0.658, 0.658], "test_acc_mean": 66.10000000000001, "test_acc_uncertainty": 1.519999999999996, "test_acc_std": 1.4791889669680505}, "0.08787346221441125": {"test_acc_list": [0.649, 0.652, 0.686, 0.666, 0.656], "test_acc_mean": 66.18000000000002, "test_acc_uncertainty": 1.1400000000000006, "test_acc_std": 1.3392535234226581}, "0.10984182776801406": {"test_acc_list": [0.659, 0.654, 0.674, 0.677, 0.65], "test_acc_mean": 66.28, "test_acc_uncertainty": 0.9405000000000001, "test_acc_std": 1.079629566101263}, "0.13181019332161686": {"test_acc_list": [0.654, 0.677, 0.664, 0.685, 0.643], "test_acc_mean": 66.46000000000001, "test_acc_uncertainty": 1.3199999999999932, "test_acc_std": 1.5160474926597785}, "0.15377855887521968": {"test_acc_list": [0.658, 0.663, 0.67, 0.676, 0.64], "test_acc_mean": 66.14, "test_acc_uncertainty": 1.0799999999999983, "test_acc_std": 1.2322337440599511}, "0.1757469244288225": {"test_acc_list": [0.647, 0.683, 0.679, 0.671, 0.68], "test_acc_mean": 67.2, "test_acc_uncertainty": 1.2999999999999972, "test_acc_std": 1.3114877048604014}, "0.1977152899824253": {"test_acc_list": [0.66, 0.651, 0.676, 0.673, 0.657], "test_acc_mean": 66.34, "test_acc_uncertainty": 0.8799999999999955, "test_acc_std": 0.9562426470305556}, "0.21968365553602812": {"test_acc_list": [0.632, 0.659, 0.671, 0.684, 0.662], "test_acc_mean": 66.16, "test_acc_uncertainty": 1.5799999999999983, "test_acc_std": 1.7165080832900275}, "0.24165202108963094": {"test_acc_list": [0.651, 0.651, 0.68, 0.696, 0.635], "test_acc_mean": 66.26, "test_acc_uncertainty": 1.7999999999999972, "test_acc_std": 2.213232929449583}, "0.26362038664323373": {"test_acc_list": [0.65, 0.649, 0.667, 0.69, 0.65], "test_acc_mean": 66.12, "test_acc_uncertainty": 1.6199999999999903, "test_acc_std": 1.5892136420255139}, "0.28558875219683655": {"test_acc_list": [0.664, 0.663, 0.677, 0.707, 0.655], "test_acc_mean": 67.32, "test_acc_uncertainty": 1.740000000000009, "test_acc_std": 1.8312837027615365}}, "neg": {"0.0": {"test_acc_list": [0.652, 0.655, 0.666, 0.668, 0.674], "test_acc_mean": 66.3, "test_acc_uncertainty": 0.7005000000000052, "test_acc_std": 0.8246211251235331}, "0.06590509666080843": {"test_acc_list": [0.648, 0.65, 0.657, 0.658, 0.669], "test_acc_mean": 65.64000000000001, "test_acc_uncertainty": 0.6399999999999864, "test_acc_std": 0.7391887445030556}, "0.13181019332161686": {"test_acc_list": [0.639, 0.645, 0.662, 0.626, 0.648], "test_acc_mean": 64.4, "test_acc_uncertainty": 1.0205000000000126, "test_acc_std": 1.1747340124470733}, "0.1977152899824253": {"test_acc_list": [0.644, 0.654, 0.677, 0.668, 0.648], "test_acc_mean": 65.82000000000001, "test_acc_uncertainty": 1.0600000000000023, "test_acc_std": 1.2432216214336034}, "0.2587873462214411": {"test_acc_list": [0.664, 0.668, 0.67, 0.687, 0.669], "test_acc_mean": 67.16, "test_acc_uncertainty": 0.8199999999999932, "test_acc_std": 0.796492310069595}, "0.3227152899824253": {"test_acc_list": [0.689, 0.678, 0.689, 0.694, 0.652], "test_acc_mean": 68.03999999999999, "test_acc_uncertainty": 1.4825000000000017, "test_acc_std": 1.5134067529914044}, "0.3851054481546573": {"test_acc_list": [0.663, 0.666, 0.671, 0.665, 0.653], "test_acc_mean": 66.36, "test_acc_uncertainty": 0.5799999999999983, "test_acc_std": 0.5919459434779536}, "0.4474956063268893": {"test_acc_list": [0.665, 0.681, 0.666, 0.656, 0.663], "test_acc_mean": 66.62000000000002, "test_acc_uncertainty": 0.8199999999999932, "test_acc_std": 0.8182909018191525}, "0.5032952548330404": {"test_acc_list": [0.669, 0.676, 0.682, 0.642, 0.625], "test_acc_mean": 65.88, "test_acc_uncertainty": 1.8999999999999986, "test_acc_std": 2.1738445206591956}}}