{"none": {"test_acc_list": [0.686, 0.659, 0.68, 0.668, 0.691], "test_acc_mean": 67.67999999999999, "test_acc_uncertainty": 1.0, "test_acc_std": 1.1754148203932075}, "pos": {"0.0": {"test_acc_list": [0.686, 0.659, 0.68, 0.668, 0.691], "test_acc_mean": 67.67999999999999, "test_acc_uncertainty": 1.0200000000000244, "test_acc_std": 1.1754148203932075}, "0.021968365553602813": {"test_acc_list": [0.693, 0.66, 0.681, 0.701, 0.657], "test_acc_mean": 67.84, "test_acc_uncertainty": 1.539999999999992, "test_acc_std": 1.7476841819962758}, "0.043936731107205626": {"test_acc_list": [0.682, 0.67, 0.656, 0.678, 0.699], "test_acc_mean": 67.7, "test_acc_uncertainty": 1.279999999999987, "test_acc_std": 1.4142135623730903}, "0.06590509666080843": {"test_acc_list": [0.675, 0.676, 0.683, 0.676, 0.691], "test_acc_mean": 68.02000000000001, "test_acc_uncertainty": 0.5999999999999943, "test_acc_std": 0.6112282715974418}, "0.08787346221441125": {"test_acc_list": [0.677, 0.699, 0.67, 0.693, 0.69], "test_acc_mean": 68.58, "test_acc_uncertainty": 0.9000000000000057, "test_acc_std": 1.0684568311354437}, "0.10984182776801406": {"test_acc_list": [0.689, 0.705, 0.664, 0.691, 0.688], "test_acc_mean": 68.74, "test_acc_uncertainty": 1.3000000000000114, "test_acc_std": 1.3215142829345408}, "0.13181019332161686": {"test_acc_list": [0.679, 0.705, 0.695, 0.687, 0.678], "test_acc_mean": 68.88000000000001, "test_acc_uncertainty": 0.8999999999999915, "test_acc_std": 1.0166612021711032}, "0.15377855887521968": {"test_acc_list": [0.679, 0.712, 0.658, 0.682, 0.682], "test_acc_mean": 68.26, "test_acc_uncertainty": 1.6799999999999926, "test_acc_std": 1.7223240113288802}, "0.1757469244288225": {"test_acc_list": [0.687, 0.717, 0.656, 0.685, 0.689], "test_acc_mean": 68.67999999999999, "test_acc_uncertainty": 1.8399999999999892, "test_acc_std": 1.9332873557751296}, "0.1977152899824253": {"test_acc_list": [0.694, 0.717, 0.668, 0.686, 0.672], "test_acc_mean": 68.74, "test_acc_uncertainty": 1.5215000000000032, "test_acc_std": 1.7522556891047611}, "0.21968365553602812": {"test_acc_list": [0.692, 0.722, 0.674, 0.662, 0.694], "test_acc_mean": 68.88, "test_acc_uncertainty": 1.7999999999999972, "test_acc_std": 2.038038272457118}, "0.24165202108963094": {"test_acc_list": [0.704, 0.721, 0.672, 0.692, 0.685], "test_acc_mean": 69.47999999999999, "test_acc_uncertainty": 1.3799999999999955, "test_acc_std": 1.6702095676890338}, "0.26362038664323373": {"test_acc_list": [0.71, 0.727, 0.661, 0.695, 0.685], "test_acc_mean": 69.56, "test_acc_uncertainty": 1.8599999999999852, "test_acc_std": 2.237498603351517}, "0.28558875219683655": {"test_acc_list": [0.72, 0.722, 0.678, 0.683, 0.717], "test_acc_mean": 70.4, "test_acc_uncertainty": 1.6210000000000093, "test_acc_std": 1.9318385025669156}}, "neg": {"0.0": {"test_acc_list": [0.686, 0.659, 0.68, 0.668, 0.691], "test_acc_mean": 67.67999999999999, "test_acc_uncertainty": 0.9999999999999858, "test_acc_std": 1.1754148203932075}, "0.06590509666080843": {"test_acc_list": [0.697, 0.658, 0.657, 0.675, 0.671], "test_acc_mean": 67.16, "test_acc_uncertainty": 1.3199999999999932, "test_acc_std": 1.4527215837867862}, "0.13181019332161686": {"test_acc_list": [0.718, 0.653, 0.665, 0.67, 0.66], "test_acc_mean": 67.32000000000001, "test_acc_uncertainty": 2.260000000000005, "test_acc_std": 2.3094588110637515}, "0.1977152899824253": {"test_acc_list": [0.69, 0.692, 0.679, 0.672, 0.685], "test_acc_mean": 68.36, "test_acc_uncertainty": 0.6599999999999966, "test_acc_std": 0.7337574531137614}, "0.2587873462214411": {"test_acc_list": [0.676, 0.692, 0.679, 0.664, 0.677], "test_acc_mean": 67.76, "test_acc_uncertainty": 0.8199999999999932, "test_acc_std": 0.8912911982062821}, "0.3227152899824253": {"test_acc_list": [0.673, 0.719, 0.707, 0.683, 0.686], "test_acc_mean": 69.36, "test_acc_uncertainty": 1.6199999999999903, "test_acc_std": 1.6847551750922078}, "0.3851054481546573": {"test_acc_list": [0.659, 0.663, 0.678, 0.666, 0.712], "test_acc_mean": 67.56, "test_acc_uncertainty": 1.9000000000000057, "test_acc_std": 1.9272778730634563}, "0.4474956063268893": {"test_acc_list": [0.693, 0.693, 0.684, 0.68, 0.712], "test_acc_mean": 69.24, "test_acc_uncertainty": 1.019999999999996, "test_acc_std": 1.1038115781237303}, "0.5032952548330404": {"test_acc_list": [0.704, 0.655, 0.68, 0.701, 0.713], "test_acc_mean": 69.06, "test_acc_uncertainty": 1.9000000000000057, "test_acc_std": 2.0828826179120106}}}