{"none": {"test_acc_list": [0.637, 0.652, 0.703, 0.659, 0.647], "test_acc_mean": 65.96000000000001, "test_acc_uncertainty": 2.1999999999999886, "test_acc_std": 2.2852570971337096}, "pos": {"0.0": {"test_acc_list": [0.637, 0.652, 0.703, 0.659, 0.647], "test_acc_mean": 65.96000000000001, "test_acc_uncertainty": 2.1999999999999886, "test_acc_std": 2.2852570971337096}, "0.021968365553602813": {"test_acc_list": [0.641, 0.646, 0.7, 0.652, 0.622], "test_acc_mean": 65.22, "test_acc_uncertainty": 2.6200000000000045, "test_acc_std": 2.592604867695808}, "0.043936731107205626": {"test_acc_list": [0.641, 0.655, 0.693, 0.648, 0.637], "test_acc_mean": 65.47999999999999, "test_acc_uncertainty": 1.940000000000012, "test_acc_std": 2.006389792637512}, "0.06590509666080843": {"test_acc_list": [0.634, 0.646, 0.684, 0.661, 0.641], "test_acc_mean": 65.32000000000001, "test_acc_uncertainty": 1.7014999999999958, "test_acc_std": 1.7769637024992972}, "0.08787346221441125": {"test_acc_list": [0.64, 0.645, 0.655, 0.702, 0.632], "test_acc_mean": 65.47999999999999, "test_acc_uncertainty": 2.3799999999999955, "test_acc_std": 2.4749949494897914}, "0.10984182776801406": {"test_acc_list": [0.637, 0.654, 0.669, 0.667, 0.635], "test_acc_mean": 65.24000000000001, "test_acc_uncertainty": 1.3200000000000074, "test_acc_std": 1.4361058456813007}, "0.13181019332161686": {"test_acc_list": [0.649, 0.653, 0.697, 0.664, 0.673], "test_acc_mean": 66.72, "test_acc_uncertainty": 1.5420000000000016, "test_acc_std": 1.7116074316267693}, "0.15377855887521968": {"test_acc_list": [0.63, 0.661, 0.65, 0.665, 0.655], "test_acc_mean": 65.22, "test_acc_uncertainty": 1.1200000000000045, "test_acc_std": 1.2221292893961764}, "0.1757469244288225": {"test_acc_list": [0.645, 0.662, 0.687, 0.678, 0.655], "test_acc_mean": 66.53999999999999, "test_acc_uncertainty": 1.3400000000000176, "test_acc_std": 1.5239422561239018}, "0.1977152899824253": {"test_acc_list": [0.645, 0.678, 0.689, 0.677, 0.66], "test_acc_mean": 66.97999999999999, "test_acc_uncertainty": 1.2999999999999972, "test_acc_std": 1.5484185480676722}, "0.21968365553602812": {"test_acc_list": [0.652, 0.669, 0.686, 0.676, 0.655], "test_acc_mean": 66.76000000000002, "test_acc_uncertainty": 1.1014999999999873, "test_acc_std": 1.2753038853543919}, "0.24165202108963094": {"test_acc_list": [0.645, 0.671, 0.693, 0.692, 0.651], "test_acc_mean": 67.04, "test_acc_uncertainty": 1.7800000000000011, "test_acc_std": 1.9995999599919934}, "0.26362038664323373": {"test_acc_list": [0.645, 0.671, 0.692, 0.684, 0.658], "test_acc_mean": 67.00000000000001, "test_acc_uncertainty": 1.460000000000008, "test_acc_std": 1.7029386365926384}, "0.28558875219683655": {"test_acc_list": [0.688, 0.667, 0.691, 0.688, 0.663], "test_acc_mean": 67.94, "test_acc_uncertainty": 1.0000000000000142, "test_acc_std": 1.18760262714428}}, "neg": {"0.0": {"test_acc_list": [0.637, 0.652, 0.703, 0.659, 0.647], "test_acc_mean": 65.96000000000001, "test_acc_uncertainty": 2.1999999999999886, "test_acc_std": 2.2852570971337096}, "0.06590509666080843": {"test_acc_list": [0.639, 0.651, 0.693, 0.675, 0.637], "test_acc_mean": 65.9, "test_acc_uncertainty": 1.9599999999999937, "test_acc_std": 2.172556098240041}, "0.13181019332161686": {"test_acc_list": [0.616, 0.632, 0.683, 0.66, 0.63], "test_acc_mean": 64.42, "test_acc_uncertainty": 2.3599999999999994, "test_acc_std": 2.4086510747719387}, "0.1977152899824253": {"test_acc_list": [0.641, 0.65, 0.675, 0.689, 0.626], "test_acc_mean": 65.62, "test_acc_uncertainty": 2.039999999999992, "test_acc_std": 2.2850820554194526}, "0.2587873462214411": {"test_acc_list": [0.636, 0.662, 0.679, 0.697, 0.632], "test_acc_mean": 66.11999999999999, "test_acc_uncertainty": 2.1799999999999926, "test_acc_std": 2.4846730167166835}, "0.3227152899824253": {"test_acc_list": [0.665, 0.675, 0.691, 0.694, 0.634], "test_acc_mean": 67.17999999999999, "test_acc_uncertainty": 1.9599999999999937, "test_acc_std": 2.166471786107539}, "0.3851054481546573": {"test_acc_list": [0.648, 0.677, 0.689, 0.674, 0.665], "test_acc_mean": 67.05999999999999, "test_acc_uncertainty": 1.2424999999999784, "test_acc_std": 1.3661625086350444}, "0.4474956063268893": {"test_acc_list": [0.668, 0.665, 0.683, 0.679, 0.644], "test_acc_mean": 66.78, "test_acc_uncertainty": 1.1999999999999886, "test_acc_std": 1.3644046320648446}, "0.5032952548330404": {"test_acc_list": [0.641, 0.667, 0.684, 0.68, 0.676], "test_acc_mean": 66.96000000000001, "test_acc_uncertainty": 1.4605000000000103, "test_acc_std": 1.5370100845472718}}}