{"delete_[number]_[100]": {"before_topoinf": {"test_acc_list": [0.819, 0.801, 0.821, 0.82, 0.802, 0.827, 0.818, 0.803, 0.824, 0.816], "test_acc_mean": 81.51, "test_acc_uncertainty": 0.6002500000000026, "test_acc_std": 0.9060353193998502}, "before_retrain": {"test_acc_list": [0.814, 0.81, 0.813, 0.811, 0.8, 0.817, 0.822, 0.81, 0.825, 0.813], "test_acc_mean": 81.35, "test_acc_uncertainty": 0.4299999999999926, "test_acc_std": 0.6561249880929675}, "after_retrain": {"test_acc_list": [0.814, 0.81, 0.813, 0.811, 0.8, 0.817, 0.822, 0.81, 0.825, 0.813], "test_acc_mean": 81.35, "test_acc_uncertainty": 0.4000000000000057, "test_acc_std": 0.6561249880929675}}}