{
    "delete_[ratio]_[1]": {
        "before_topoinf": {
            "test_acc_list": [
                0.791,
                0.774,
                0.774,
                0.778,
                0.778,
                0.779,
                0.775,
                0.773,
                0.778,
                0.777
            ],
            "test_acc_mean": 77.77000000000001,
            "test_acc_uncertainty": 0.3599999999999852,
            "test_acc_std": 0.48590122453025547
        },
        "before_retrain": {
            "test_acc_list": [
                0.7915,
                0.7785,
                0.7795,
                0.7845,
                0.7835,
                0.7835,
                0.7785,
                0.7755,
                0.7845,
                0.7825
            ],
            "test_acc_mean": 78.22,
            "test_acc_uncertainty": 0.28025000000000944,
            "test_acc_std": 0.4243819034784582
        },
        "after_retrain": {
            "test_acc_list": [
                0.7925,
                0.7815,
                0.7825,
                0.7905,
                0.7835,
                0.7865,
                0.7785,
                0.7805,
                0.7845,
                0.7815
            ],
            "test_acc_mean": 78.41999999999999,
            "test_acc_uncertainty": 0.27000000000001023,
            "test_acc_std": 0.4220189569201852
        }
    },
    "delete_[ratio]_[2]": {
        "before_topoinf": {
            "test_acc_list": [
                0.791,
                0.774,
                0.774,
                0.778,
                0.778,
                0.779,
                0.775,
                0.773,
                0.778,
                0.777
            ],
            "test_acc_mean": 77.77000000000001,
            "test_acc_uncertainty": 0.3402499999999833,
            "test_acc_std": 0.48590122453025547
        },
        "before_retrain": {
            "test_acc_list": [
                0.796,
                0.784,
                0.787,
                0.792,
                0.785,
                0.786,
                0.779,
                0.784,
                0.788,
                0.785
            ],
            "test_acc_mean": 78.66,
            "test_acc_uncertainty": 0.28000000000001535,
            "test_acc_std": 0.4431703961232071
        },
        "after_retrain": {
            "test_acc_list": [
                0.792,
                0.76,
                0.791,
                0.787,
                0.787,
                0.788,
                0.78,
                0.784,
                0.788,
                0.783
            ],
            "test_acc_mean": 78.39999999999999,
            "test_acc_uncertainty": 0.6302499999999895,
            "test_acc_std": 0.8694826047713672
        }
    },
    "delete_[ratio]_[3]": {
        "before_topoinf": {
            "test_acc_list": [
                0.791,
                0.774,
                0.774,
                0.778,
                0.778,
                0.779,
                0.775,
                0.773,
                0.778,
                0.777
            ],
            "test_acc_mean": 77.77000000000001,
            "test_acc_uncertainty": 0.3402499999999833,
            "test_acc_std": 0.48590122453025547
        },
        "before_retrain": {
            "test_acc_list": [
                0.7928738635424338,
                0.7618738635424338,
                0.7928738635424338,
                0.7888738635424338,
                0.7928738635424338,
                0.7928738635424338,
                0.7808738635424338,
                0.7838738635424338,
                0.7908738635424338,
                0.7838738635424338
            ],
            "test_acc_mean": 78.61738635424338,
            "test_acc_uncertainty": 0.6702499999999958,
            "test_acc_std": 0.9154780172128646
        },
        "after_retrain": {
            "test_acc_list": [
                0.7958738635424338,
                0.7858738635424338,
                0.7898738635424338,
                0.7868738635424338,
                0.7938738635424338,
                0.7918738635424338,
                0.7878738635424338,
                0.7748738635424338,
                0.7848738635424338,
                0.7838738635424338
            ],
            "test_acc_mean": 78.7573863542434,
            "test_acc_uncertainty": 0.3900000000000148,
            "test_acc_std": 0.5640035460881436
        }
    },
    "delete_[ratio]_[4]": {
        "before_topoinf": {
            "test_acc_list": [
                0.791,
                0.774,
                0.774,
                0.778,
                0.778,
                0.779,
                0.775,
                0.773,
                0.778,
                0.777
            ],
            "test_acc_mean": 77.77000000000001,
            "test_acc_uncertainty": 0.3499999999999801,
            "test_acc_std": 0.48590122453025547
        },
        "before_retrain": {
            "test_acc_list": [
                0.7963484692283496,
                0.7823484692283496,
                0.7873484692283496,
                0.7863484692283496,
                0.7943484692283496,
                0.7923484692283496,
                0.7843484692283496,
                0.7753484692283495,
                0.7853484692283496,
                0.7863484692283496
            ],
            "test_acc_mean": 78.70484692283496,
            "test_acc_uncertainty": 0.38025000000000375,
            "test_acc_std": 0.5814636704042638
        },
        "after_retrain": {
            "test_acc_list": [
                0.7963484692283496,
                0.7513484692283495,
                0.7893484692283496,
                0.7903484692283496,
                0.7953484692283496,
                0.7903484692283496,
                0.7783484692283495,
                0.7743484692283495,
                0.7883484692283496,
                0.7843484692283496
            ],
            "test_acc_mean": 78.38484692283495,
            "test_acc_uncertainty": 0.8900000000000006,
            "test_acc_std": 1.2651086909827167
        }
    },
    "delete_[ratio]_[5]": {
        "before_topoinf": {
            "test_acc_list": [
                0.791,
                0.774,
                0.774,
                0.778,
                0.778,
                0.779,
                0.775,
                0.773,
                0.778,
                0.777
            ],
            "test_acc_mean": 77.77000000000001,
            "test_acc_uncertainty": 0.339999999999975,
            "test_acc_std": 0.48590122453025547
        },
        "before_retrain": {
            "test_acc_list": [
                0.7955,
                0.7515,
                0.7915,
                0.7865,
                0.7945,
                0.7905,
                0.7795,
                0.7735,
                0.7885,
                0.7825
            ],
            "test_acc_mean": 78.34,
            "test_acc_uncertainty": 0.8400000000000034,
            "test_acc_std": 1.246154083570729
        },
        "after_retrain": {
            "test_acc_list": [
                0.7955,
                0.7715,
                0.7885,
                0.7865,
                0.7865,
                0.7945,
                0.7795,
                0.7885,
                0.7835,
                0.7825
            ],
            "test_acc_mean": 78.57,
            "test_acc_uncertainty": 0.4102500000000049,
            "test_acc_std": 0.6675327707311465
        }
    },
    "delete_[ratio]_[6]": {
        "before_topoinf": {
            "test_acc_list": [
                0.791,
                0.774,
                0.774,
                0.778,
                0.778,
                0.779,
                0.775,
                0.773,
                0.778,
                0.777
            ],