{"seed": 2024, "dataset": "cora", "model_list": ["GCN", "SGC", "APPNP"], "device": 6, "n_runs": 5, "split_mode": "number", "train_rate": 0.6, "val_rate": 0.2, "num_train_per_class": 20, "num_val": 500, "num_test": 1000, "num_layers": 3, "hidden": 64, "dropout": 0.5, "K_appnp": 3, "alpha_appnp": 0.0, "dprate": 0.5, "Init": "PPR", "alpha": 0.1, "lr": 0.01, "weight_decay": 0.0005, "n_epochs": 200, "eval_interval": 1, "print_interval": 50, "early_stopping": 100, "early_stopping_tolerance": 1, "not_save": false, "perf_save_root_dir": "./topoinf_model_performance/", "save_detailed_perf": false, "save_reduced_perf": false, "k_order": 3, "without_self_loops": false, "distance_metric": "inner_product", "coefficients": [0.0, 0.0, 0.0, 1.0], "lambda_reg": 0.1, "topoinf_node_masking": ["test_mask"], "not_verbose": false, "single_processing": false, "mp_core": 8, "save_topoinf": false, "delete_unit": "ratio", "delete_mode_list": ["pos", "neg"], "delete_strategy": "label", "delete_rate_list": [0.0, 0.1, 0.1, 0.1, 0.1, 0.1, 0.1, 0.1, 0.1, 0.1, 0.1, 0.1, 0.1, 0.1], "delete_num_list": [100, 100, 100, 100, 100, 100], "topoinf_threshold": 0.0005, "delete_step_length": 50, "output": "output2/", "GCN": {"none": {"test_acc_list": [0.819, 0.801, 0.821, 0.82, 0.802], "test_acc_mean": 81.26, "test_acc_uncertainty": 0.7600000000000051, "test_acc_std": 0.9090654541890758}, "pos": {"0.0": {"test_acc_list": [0.819, 0.8, 0.821, 0.82, 0.802], "test_acc_mean": 81.24, "test_acc_uncertainty": 0.7999999999999972, "test_acc_std": 0.9350935782048739}, "0.018946570670708603": {"test_acc_list": [0.813, 0.812, 0.822, 0.808, 0.827], "test_acc_mean": 81.64, "test_acc_uncertainty": 0.6599999999999824, "test_acc_std": 0.7002856560004558}, "0.037893141341417205": {"test_acc_list": [0.82, 0.806, 0.829, 0.808, 0.812], "test_acc_mean": 81.5, "test_acc_uncertainty": 0.799999999999983, "test_acc_std": 0.8485281374238502}, "0.05683971201212581": {"test_acc_list": [0.819, 0.81, 0.819, 0.806, 0.804], "test_acc_mean": 81.16, "test_acc_uncertainty": 0.5599999999999881, "test_acc_std": 0.6343500610861414}, "0.07578628268283441": {"test_acc_list": [0.831, 0.803, 0.819, 0.808, 0.811], "test_acc_mean": 81.44000000000001, "test_acc_uncertainty": 0.9399999999999835, "test_acc_std": 0.9789790600416259}, "0.094732853353543": {"test_acc_list": [0.808, 0.817, 0.824, 0.807, 0.81], "test_acc_mean": 81.32, "test_acc_uncertainty": 0.5999999999999943, "test_acc_std": 0.6431174076325346}, "0.11367942402425162": {"test_acc_list": [0.826, 0.809, 0.825, 0.803, 0.812], "test_acc_mean": 81.5, "test_acc_uncertainty": 0.7799999999999869, "test_acc_std": 0.9055385138137363}, "0.13262599469496023": {"test_acc_list": [0.831, 0.797, 0.822, 0.791, 0.812], "test_acc_mean": 81.06, "test_acc_uncertainty": 1.299999999999983, "test_acc_std": 1.4947909552843777}, "0.15157256536566882": {"test_acc_list": [0.807, 0.814, 0.829, 0.805, 0.812], "test_acc_mean": 81.34, "test_acc_uncertainty": 0.7799999999999869, "test_acc_std": 0.8452218643646138}, "0.17051913603637742": {"test_acc_list": [0.82, 0.811, 0.82, 0.8, 0.811], "test_acc_mean": 81.24000000000001, "test_acc_uncertainty": 0.6200000000000045, "test_acc_std": 0.7391887445030525}, "0.189465706707086": {"test_acc_list": [0.811, 0.812, 0.81, 0.814, 0.811], "test_acc_mean": 81.16, "test_acc_uncertainty": 0.12000000000000455, "test_acc_std": 0.13564659966250098}, "0.2084122773777946": {"test_acc_list": [0.809, 0.792, 0.819, 0.811, 0.798], "test_acc_mean": 80.58000000000001, "test_acc_uncertainty": 0.8399999999999892, "test_acc_std": 0.9620810776644517}, "0.22735884804850323": {"test_acc_list": [0.806, 0.797, 0.819, 0.813, 0.815], "test_acc_mean": 81.0, "test_acc_uncertainty": 0.7599999999999909, "test_acc_std": 0.7745966692414793}, "0.24630541871921183": {"test_acc_list": [0.81, 0.809, 0.816, 0.813, 0.817], "test_acc_mean": 81.3, "test_acc_uncertainty": 0.28000000000000114, "test_acc_std": 0.3162277660168325}}, "neg": {"0.0": {"test_acc_list": [0.819, 0.801, 0.821, 0.82, 0.802], "test_acc_mean": 81.26, "test_acc_uncertainty": 0.7600000000000051, "test_acc_std": 0.9090654541890758}, "0.07578628268283441": {"test_acc_list": [0.803, 0.798, 0.827, 0.804, 0.804], "test_acc_mean": 80.72, "test_acc_uncertainty": 1.0400000000000063, "test_acc_std": 1.0146920715172578}, "0.15157256536566882": {"test_acc_list": [0.809, 0.811, 0.807, 0.804, 0.82], "test_acc_mean": 81.02000000000001, "test_acc_uncertainty": 0.4999999999999858, "test_acc_std": 0.541848687365761}, "0.22735884804850323": {"test_acc_list": [0.813, 0.801, 0.818, 0.797, 0.825], "test_acc_mean": 81.08, "test_acc_uncertainty": 0.9400000000000119, "test_acc_std": 1.0438390680559884}, "0.30314513073133764": {"test_acc_list": [0.793, 0.786, 0.813, 0.792, 0.804], "test_acc_mean": 79.75999999999999, "test_acc_uncertainty": 0.8200000000000216, "test_acc_std": 0.9645724441429973}, "0.37438423645320196": {"test_acc_list": [0.802, 0.782, 0.799, 0.79, 0.8], "test_acc_mean": 79.46000000000001, "test_acc_uncertainty": 0.7010000000000218, "test_acc_std": 0.7525955088890715}, "0.44524441076165217": {"test_acc_list": [0.795, 0.792, 0.791, 0.782, 0.792], "test_acc_mean": 79.03999999999999, "test_acc_uncertainty": 0.4399999999999977, "test_acc_std": 0.44090815370097164}, "0.5115574081091322": {"test_acc_list": [0.794, 0.788, 0.79, 0.764, 0.775], "test_acc_mean": 78.22, "test_acc_uncertainty": 1.0019999999999953, "test_acc_std": 1.1106754701531847}}}, "SGC": {"none": {"test_acc_list": [0.814, 0.813, 0.807, 0.796, 0.803], "test_acc_mean": 80.66, "test_acc_uncertainty": 0.5799999999999841, "test_acc_std": 0.6651315659326292}, "pos": {"0.0": {"test_acc_list": [0.814, 0.813, 0.807, 0.796, 0.803], "test_acc_mean": 80.66, "test_acc_uncertainty": 0.5799999999999841, "test_acc_std": 0.6651315659326292}, "0.018946570670708603": {"test_acc_list": [0.815, 0.811, 0.813, 0.801, 0.818], "test_acc_mean": 81.16000000000001, "test_acc_uncertainty": 0.519999999999996, "test_acc_std": 0.5782732917920343}, "0.037893141341417205": {"test_acc_list": [0.818, 0.819, 0.816, 0.802, 0.826], "test_acc_mean": 81.62, "test_acc_uncertainty": 0.7999999999999972, "test_acc_std": 0.7858753081755369}, "0.05683971201212581": {"test_acc_list": [0.814, 0.805, 0.816, 0.806, 0.814], "test_acc_mean": 81.1, "test_acc_uncertainty": 0.37999999999999545, "test_acc_std": 0.45607017003964984}, "0.07578628268283441": {"test_acc_list": [0.814, 0.809, 0.814, 0.79, 0.81], "test_acc_mean": 80.74, "test_acc_uncertainty": 0.8800000000000097, "test_acc_std": 0.8935323161475448}, "0.094732853353543": {"test_acc_list": [0.821, 0.81, 0.824, 0.79, 0.812], "test_acc_mean": 81.14, "test_acc_uncertainty": 1.1199999999999903, "test_acc_std": 1.1926441212700432}, "0.11367942402425162": {"test_acc_list": [0.816, 0.798, 0.81, 0.806, 0.814], "test_acc_mean": 80.88, "test_acc_uncertainty": 0.5999999999999943, "test_acc_std": 0.6399999999999928}, "0.13262599469496023": {"test_acc_list": [0.813, 0.81, 0.822, 0.796, 0.81], "test_acc_mean": 81.02000000000001, "test_acc_uncertainty": 0.7400000000000091, "test_acc_std": 0.8352245207128378}, "0.15157256536566882": {"test_acc_list": [0.802, 0.803, 0.805, 0.801, 0.816], "test_acc_mean": 80.54, "test_acc_uncertainty": 0.539999999999992, "test_acc_std": 0.5462600113499015}, "0.17051913603637742": {"test_acc_list": [0.794, 0.803, 0.812, 0.812, 0.804], "test_acc_mean": 80.5, "test_acc_uncertainty": 0.5600000000000023, "test_acc_std": 0.6693280212272589}, "0.189465706707086": {"test_acc_list": [0.813, 0.791, 0.811, 0.798, 0.821], "test_acc_mean": 80.67999999999999, "test_acc_uncertainty": 0.9999999999999858, "test_acc_std": 1.0814804667676563}, "0.2084122773777946": {"test_acc_list": [0.804, 0.799, 0.812, 0.802, 0.805], "test_acc_mean": 80.44, "test_acc_uncertainty": 0.35999999999999943, "test_acc_std": 0.43174066289845725}, "0.22735884804850323": {"test_acc_list": [0.818, 0.784, 0.809, 0.794, 0.8], "test_acc_mean": 80.1, "test_acc_uncertainty": 0.9804999999999922,