{"none": {"test_acc_list": [0.808, 0.782, 0.809, 0.806, 0.823], "test_acc_mean": 80.56, "test_acc_uncertainty": 1.2805000000000035, "test_acc_std": 1.324537655183875}, "pos": {"0.0": {"test_acc_list": [0.808, 0.782, 0.809, 0.806, 0.823], "test_acc_mean": 80.56, "test_acc_uncertainty": 1.3199999999999932, "test_acc_std": 1.324537655183875}, "0.018946570670708603": {"test_acc_list": [0.8, 0.781, 0.827, 0.801, 0.824], "test_acc_mean": 80.66, "test_acc_uncertainty": 1.3999999999999915, "test_acc_std": 1.7024687956024256}, "0.037893141341417205": {"test_acc_list": [0.799, 0.806, 0.812, 0.801, 0.796], "test_acc_mean": 80.28, "test_acc_uncertainty": 0.5400000000000063, "test_acc_std": 0.5635601121442133}, "0.05683971201212581": {"test_acc_list": [0.816, 0.791, 0.815, 0.79, 0.807], "test_acc_mean": 80.38, "test_acc_uncertainty": 0.9999999999999858, "test_acc_std": 1.1303096920755804}, "0.07578628268283441": {"test_acc_list": [0.806, 0.788, 0.825, 0.797, 0.815], "test_acc_mean": 80.62, "test_acc_uncertainty": 1.1199999999999903, "test_acc_std": 1.3013838787997953}, "0.094732853353543": {"test_acc_list": [0.816, 0.788, 0.812, 0.804, 0.802], "test_acc_mean": 80.44, "test_acc_uncertainty": 0.8399999999999892, "test_acc_std": 0.9666436778875656}, "0.11367942402425162": {"test_acc_list": [0.811, 0.805, 0.827, 0.802, 0.796], "test_acc_mean": 80.82000000000001, "test_acc_uncertainty": 1.059999999999988, "test_acc_std": 1.0571660229121949}, "0.13262599469496023": {"test_acc_list": [0.813, 0.798, 0.831, 0.81, 0.808], "test_acc_mean": 81.20000000000002, "test_acc_uncertainty": 1.079999999999984, "test_acc_std": 1.075174404457243}, "0.15157256536566882": {"test_acc_list": [0.796, 0.787, 0.818, 0.779, 0.792], "test_acc_mean": 79.44, "test_acc_uncertainty": 1.3000000000000114, "test_acc_std": 1.3093509842666302}, "0.17051913603637742": {"test_acc_list": [0.809, 0.787, 0.809, 0.799, 0.809], "test_acc_mean": 80.26000000000002, "test_acc_uncertainty": 0.8800000000000097, "test_acc_std": 0.8708616422830906}, "0.189465706707086": {"test_acc_list": [0.794, 0.775, 0.802, 0.808, 0.808], "test_acc_mean": 79.74000000000001, "test_acc_uncertainty": 1.2000000000000028, "test_acc_std": 1.232233744059953}, "0.2084122773777946": {"test_acc_list": [0.803, 0.782, 0.802, 0.798, 0.799], "test_acc_mean": 79.67999999999999, "test_acc_uncertainty": 0.7399999999999949, "test_acc_std": 0.7626270385975066}, "0.22735884804850323": {"test_acc_list": [0.798, 0.798, 0.808, 0.801, 0.802], "test_acc_mean": 80.14000000000001, "test_acc_uncertainty": 0.3399999999999892, "test_acc_std": 0.366606055596467}, "0.24630541871921183": {"test_acc_list": [0.798, 0.806, 0.799, 0.804, 0.798], "test_acc_mean": 80.10000000000001, "test_acc_uncertainty": 0.29999999999999716, "test_acc_std": 0.33466401061362905}}, "neg": {"0.0": {"test_acc_list": [0.808, 0.782, 0.809, 0.806, 0.823], "test_acc_mean": 80.56, "test_acc_uncertainty": 1.3400000000000034, "test_acc_std": 1.324537655183875}, "0.07578628268283441": {"test_acc_list": [0.797, 0.789, 0.815, 0.792, 0.809], "test_acc_mean": 80.04, "test_acc_uncertainty": 0.9399999999999835, "test_acc_std": 0.9991996797437428}, "0.15157256536566882": {"test_acc_list": [0.819, 0.788, 0.806, 0.786, 0.816], "test_acc_mean": 80.3, "test_acc_uncertainty": 1.2199999999999847, "test_acc_std": 1.3769531582446763}, "0.22735884804850323": {"test_acc_list": [0.804, 0.745, 0.824, 0.795, 0.795], "test_acc_mean": 79.26, "test_acc_uncertainty": 2.5845000000000056, "test_acc_std": 2.6050719759730234}, "0.30314513073133764": {"test_acc_list": [0.796, 0.764, 0.792, 0.773, 0.793], "test_acc_mean": 78.36, "test_acc_uncertainty": 1.2199999999999847, "test_acc_std": 1.2721635115031404}, "0.37438423645320196": {"test_acc_list": [0.809, 0.759, 0.785, 0.779, 0.794], "test_acc_mean": 78.52000000000001, "test_acc_uncertainty": 1.4799999999999898, "test_acc_std": 1.6545694303957148}, "0.44524441076165217": {"test_acc_list": [0.791, 0.755, 0.798, 0.792, 0.794], "test_acc_mean": 78.6, "test_acc_uncertainty": 1.5999999999999943, "test_acc_std": 1.5684387141358151}, "0.5115574081091322": {"test_acc_list": [0.8, 0.734, 0.795, 0.769, 0.769], "test_acc_mean": 77.34, "test_acc_uncertainty": 2.019999999999996, "test_acc_std": 2.351680250374185}}}