{"none": {"test_acc_list": [0.819, 0.801, 0.821, 0.82, 0.802], "test_acc_mean": 81.26, "test_acc_uncertainty": 0.7600000000000051, "test_acc_std": 0.9090654541890758}, "pos": {"0.0": {"test_acc_list": [0.819, 0.8, 0.821, 0.82, 0.802], "test_acc_mean": 81.24, "test_acc_uncertainty": 0.7999999999999972, "test_acc_std": 0.9350935782048739}, "0.018946570670708603": {"test_acc_list": [0.813, 0.812, 0.822, 0.808, 0.827], "test_acc_mean": 81.64, "test_acc_uncertainty": 0.6599999999999824, "test_acc_std": 0.7002856560004558}, "0.037893141341417205": {"test_acc_list": [0.82, 0.806, 0.829, 0.808, 0.812], "test_acc_mean": 81.5, "test_acc_uncertainty": 0.799999999999983, "test_acc_std": 0.8485281374238502}, "0.05683971201212581": {"test_acc_list": [0.819, 0.81, 0.819, 0.806, 0.804], "test_acc_mean": 81.16, "test_acc_uncertainty": 0.5599999999999881, "test_acc_std": 0.6343500610861414}, "0.07578628268283441": {"test_acc_list": [0.831, 0.803, 0.819, 0.808, 0.811], "test_acc_mean": 81.44000000000001, "test_acc_uncertainty": 0.9399999999999835, "test_acc_std": 0.9789790600416259}, "0.094732853353543": {"test_acc_list": [0.808, 0.817, 0.824, 0.807, 0.81], "test_acc_mean": 81.32, "test_acc_uncertainty": 0.5999999999999943, "test_acc_std": 0.6431174076325346}, "0.11367942402425162": {"test_acc_list": [0.826, 0.809, 0.825, 0.803, 0.812], "test_acc_mean": 81.5, "test_acc_uncertainty": 0.7799999999999869, "test_acc_std": 0.9055385138137363}, "0.13262599469496023": {"test_acc_list": [0.831, 0.797, 0.822, 0.791, 0.812], "test_acc_mean": 81.06, "test_acc_uncertainty": 1.299999999999983, "test_acc_std": 1.4947909552843777}, "0.15157256536566882": {"test_acc_list": [0.807, 0.814, 0.829, 0.805, 0.812], "test_acc_mean": 81.34, "test_acc_uncertainty": 0.7799999999999869, "test_acc_std": 0.8452218643646138}, "0.17051913603637742": {"test_acc_list": [0.82, 0.811, 0.82, 0.8, 0.811], "test_acc_mean": 81.24000000000001, "test_acc_uncertainty": 0.6200000000000045, "test_acc_std": 0.7391887445030525}, "0.189465706707086": {"test_acc_list": [0.811, 0.812, 0.81, 0.814, 0.811], "test_acc_mean": 81.16, "test_acc_uncertainty": 0.12000000000000455, "test_acc_std": 0.13564659966250098}, "0.2084122773777946": {"test_acc_list": [0.809, 0.792, 0.819, 0.811, 0.798], "test_acc_mean": 80.58000000000001, "test_acc_uncertainty": 0.8399999999999892, "test_acc_std": 0.9620810776644517}, "0.22735884804850323": {"test_acc_list": [0.806, 0.797, 0.819, 0.813, 0.815], "test_acc_mean": 81.0, "test_acc_uncertainty": 0.7599999999999909, "test_acc_std": 0.7745966692414793}, "0.24630541871921183": {"test_acc_list": [0.81, 0.809, 0.816, 0.813, 0.817], "test_acc_mean": 81.3, "test_acc_uncertainty": 0.28000000000000114, "test_acc_std": 0.3162277660168325}}, "neg": {"0.0": {"test_acc_list": [0.819, 0.801, 0.821, 0.82, 0.802], "test_acc_mean": 81.26, "test_acc_uncertainty": 0.7600000000000051, "test_acc_std": 0.9090654541890758}, "0.07578628268283441": {"test_acc_list": [0.803, 0.798, 0.827, 0.804, 0.804], "test_acc_mean": 80.72, "test_acc_uncertainty": 1.0400000000000063, "test_acc_std": 1.0146920715172578}, "0.15157256536566882": {"test_acc_list": [0.809, 0.811, 0.807, 0.804, 0.82], "test_acc_mean": 81.02000000000001, "test_acc_uncertainty": 0.4999999999999858, "test_acc_std": 0.541848687365761}, "0.22735884804850323": {"test_acc_list": [0.813, 0.801, 0.818, 0.797, 0.825], "test_acc_mean": 81.08, "test_acc_uncertainty": 0.9400000000000119, "test_acc_std": 1.0438390680559884}, "0.30314513073133764": {"test_acc_list": [0.793, 0.786, 0.813, 0.792, 0.804], "test_acc_mean": 79.75999999999999, "test_acc_uncertainty": 0.8200000000000216, "test_acc_std": 0.9645724441429973}, "0.37438423645320196": {"test_acc_list": [0.802, 0.782, 0.799, 0.79, 0.8], "test_acc_mean": 79.46000000000001, "test_acc_uncertainty": 0.7010000000000218, "test_acc_std": 0.7525955088890715}, "0.44524441076165217": {"test_acc_list": [0.795, 0.792, 0.791, 0.782, 0.792], "test_acc_mean": 79.03999999999999, "test_acc_uncertainty": 0.4399999999999977, "test_acc_std": 0.44090815370097164}, "0.5115574081091322": {"test_acc_list": [0.794, 0.788, 0.79, 0.764, 0.775], "test_acc_mean": 78.22, "test_acc_uncertainty": 1.0019999999999953, "test_acc_std": 1.1106754701531847}}}