{"none": {"test_acc_list": [0.814, 0.813, 0.807, 0.796, 0.803], "test_acc_mean": 80.66, "test_acc_uncertainty": 0.5799999999999841, "test_acc_std": 0.6651315659326292}, "pos": {"0.0": {"test_acc_list": [0.814, 0.813, 0.807, 0.796, 0.803], "test_acc_mean": 80.66, "test_acc_uncertainty": 0.5799999999999841, "test_acc_std": 0.6651315659326292}, "0.018946570670708603": {"test_acc_list": [0.815, 0.811, 0.813, 0.801, 0.818], "test_acc_mean": 81.16000000000001, "test_acc_uncertainty": 0.519999999999996, "test_acc_std": 0.5782732917920343}, "0.037893141341417205": {"test_acc_list": [0.818, 0.819, 0.816, 0.802, 0.826], "test_acc_mean": 81.62, "test_acc_uncertainty": 0.7999999999999972, "test_acc_std": 0.7858753081755369}, "0.05683971201212581": {"test_acc_list": [0.814, 0.805, 0.816, 0.806, 0.814], "test_acc_mean": 81.1, "test_acc_uncertainty": 0.37999999999999545, "test_acc_std": 0.45607017003964984}, "0.07578628268283441": {"test_acc_list": [0.814, 0.809, 0.814, 0.79, 0.81], "test_acc_mean": 80.74, "test_acc_uncertainty": 0.8800000000000097, "test_acc_std": 0.8935323161475448}, "0.094732853353543": {"test_acc_list": [0.821, 0.81, 0.824, 0.79, 0.812], "test_acc_mean": 81.14, "test_acc_uncertainty": 1.1199999999999903, "test_acc_std": 1.1926441212700432}, "0.11367942402425162": {"test_acc_list": [0.816, 0.798, 0.81, 0.806, 0.814], "test_acc_mean": 80.88, "test_acc_uncertainty": 0.5999999999999943, "test_acc_std": 0.6399999999999928}, "0.13262599469496023": {"test_acc_list": [0.813, 0.81, 0.822, 0.796, 0.81], "test_acc_mean": 81.02000000000001, "test_acc_uncertainty": 0.7400000000000091, "test_acc_std": 0.8352245207128378}, "0.15157256536566882": {"test_acc_list": [0.802, 0.803, 0.805, 0.801, 0.816], "test_acc_mean": 80.54, "test_acc_uncertainty": 0.539999999999992, "test_acc_std": 0.5462600113499015}, "0.17051913603637742": {"test_acc_list": [0.794, 0.803, 0.812, 0.812, 0.804], "test_acc_mean": 80.5, "test_acc_uncertainty": 0.5600000000000023, "test_acc_std": 0.6693280212272589}, "0.189465706707086": {"test_acc_list": [0.813, 0.791, 0.811, 0.798, 0.821], "test_acc_mean": 80.67999999999999, "test_acc_uncertainty": 0.9999999999999858, "test_acc_std": 1.0814804667676563}, "0.2084122773777946": {"test_acc_list": [0.804, 0.799, 0.812, 0.802, 0.805], "test_acc_mean": 80.44, "test_acc_uncertainty": 0.35999999999999943, "test_acc_std": 0.43174066289845725}, "0.22735884804850323": {"test_acc_list": [0.818, 0.784, 0.809, 0.794, 0.8], "test_acc_mean": 80.1, "test_acc_uncertainty": 0.9804999999999922, "test_acc_std": 1.1764352935882172}, "0.24630541871921183": {"test_acc_list": [0.817, 0.791, 0.803, 0.786, 0.816], "test_acc_mean": 80.26000000000002, "test_acc_uncertainty": 1.1199999999999761, "test_acc_std": 1.26269552941316}}, "neg": {"0.0": {"test_acc_list": [0.814, 0.813, 0.807, 0.796, 0.803], "test_acc_mean": 80.66, "test_acc_uncertainty": 0.6199999999999903, "test_acc_std": 0.6651315659326292}, "0.07578628268283441": {"test_acc_list": [0.813, 0.801, 0.808, 0.776, 0.803], "test_acc_mean": 80.02000000000001, "test_acc_uncertainty": 1.2399999999999949, "test_acc_std": 1.2796874618437093}, "0.15157256536566882": {"test_acc_list": [0.8, 0.808, 0.813, 0.792, 0.805], "test_acc_mean": 80.36, "test_acc_uncertainty": 0.6800000000000068, "test_acc_std": 0.717216843081644}, "0.22735884804850323": {"test_acc_list": [0.805, 0.783, 0.8, 0.782, 0.806], "test_acc_mean": 79.52000000000001, "test_acc_uncertainty": 0.9000000000000057, "test_acc_std": 1.0571660229122024}, "0.30314513073133764": {"test_acc_list": [0.794, 0.768, 0.798, 0.762, 0.784], "test_acc_mean": 78.12, "test_acc_uncertainty": 1.240000000000009, "test_acc_std": 1.411949007577827}, "0.37438423645320196": {"test_acc_list": [0.778, 0.78, 0.808, 0.756, 0.799], "test_acc_mean": 78.42, "test_acc_uncertainty": 1.6000000000000085, "test_acc_std": 1.8093092604637884}, "0.44524441076165217": {"test_acc_list": [0.78, 0.786, 0.789, 0.765, 0.77], "test_acc_mean": 77.8, "test_acc_uncertainty": 0.8004999999999995, "test_acc_std": 0.918694726228471}, "0.5115574081091322": {"test_acc_list": [0.784, 0.756, 0.792, 0.752, 0.766], "test_acc_mean": 77.0, "test_acc_uncertainty": 1.3199999999999932, "test_acc_std": 1.5594870951694366}}}