{
    "delete_[ratio]_[1]": {
        "before_topoinf": {
            "test_acc_list": [
                0.658,
                0.651,
                0.643,
                0.702,
                0.642,
                0.641,
                0.677,
                0.651,
                0.677,
                0.64
            ],
            "test_acc_mean": 65.82000000000001,
            "test_acc_uncertainty": 1.220249999999993,
            "test_acc_std": 1.9620397549489133
        },
        "before_retrain": {
            "test_acc_list": [
                0.6635,
                0.6545,
                0.6475,
                0.7064999999999999,
                0.6455,
                0.6475,
                0.6785,
                0.6555,
                0.6815,
                0.6445
            ],
            "test_acc_mean": 66.25,
            "test_acc_uncertainty": 1.2902499999999861,
            "test_acc_std": 1.9313207915827946
        },
        "after_retrain": {
            "test_acc_list": [
                0.6725,
                0.6805,
                0.6345,
                0.6994999999999999,
                0.6495,
                0.6575,
                0.6605,
                0.6685,
                0.6705,
                0.6325
            ],
            "test_acc_mean": 66.25999999999999,
            "test_acc_uncertainty": 1.210000000000008,
            "test_acc_std": 1.942910188351483
        }
    },
    "delete_[ratio]_[2]": {
        "before_topoinf": {
            "test_acc_list": [
                0.658,
                0.651,
                0.643,
                0.702,
                0.642,
                0.641,
                0.677,
                0.651,
                0.677,
                0.64
            ],
            "test_acc_mean": 65.82000000000001,
            "test_acc_uncertainty": 1.200249999999997,
            "test_acc_std": 1.9620397549489133
        },
        "before_retrain": {
            "test_acc_list": [
                0.675,
                0.6880000000000001,
                0.634,
                0.701,
                0.648,
                0.661,
                0.664,
                0.672,
                0.675,
                0.636
            ],
            "test_acc_mean": 66.53999999999999,
            "test_acc_uncertainty": 1.3404999999999916,
            "test_acc_std": 2.04460265088354
        },
        "after_retrain": {
            "test_acc_list": [
                0.677,
                0.66,
                0.644,
                0.697,
                0.652,
                0.65,
                0.695,
                0.667,
                0.684,
                0.644
            ],
            "test_acc_mean": 66.69999999999999,
            "test_acc_uncertainty": 1.2099999999999795,
            "test_acc_std": 1.9219781476385183
        }
    },
    "delete_[ratio]_[3]": {
        "before_topoinf": {
            "test_acc_list": [
                0.658,
                0.651,
                0.643,
                0.702,
                0.642,
                0.641,
                0.677,
                0.651,
                0.677,
                0.64
            ],
            "test_acc_mean": 65.82000000000001,
            "test_acc_uncertainty": 1.301000000000002,
            "test_acc_std": 1.9620397549489133
        },
        "before_retrain": {
            "test_acc_list": [
                0.6788738635424338,
                0.6588738635424338,
                0.6428738635424338,
                0.6998738635424337,
                0.6578738635424338,
                0.6518738635424338,
                0.6928738635424339,
                0.6668738635424338,
                0.6818738635424338,
                0.6508738635424338
            ],
            "test_acc_mean": 66.82738635424337,
            "test_acc_uncertainty": 1.17025000000001,
            "test_acc_std": 1.821098569545316
        },
        "after_retrain": {
            "test_acc_list": [
                0.6708738635424338,
                0.6378738635424338,
                0.6398738635424338,
                0.6988738635424337,
                0.6558738635424338,
                0.6548738635424338,
                0.6798738635424338,
                0.6568738635424338,
                0.6678738635424338,
                0.6358738635424338
            ],
            "test_acc_mean": 65.98738635424338,
            "test_acc_uncertainty": 1.290249999999972,
            "test_acc_std": 1.901578291840753
        }
    },
    "delete_[ratio]_[4]": {
        "before_topoinf": {
            "test_acc_list": [
                0.658,
                0.651,
                0.643,
                0.702,
                0.642,
                0.641,
                0.677,
                0.651,
                0.677,
                0.64
            ],
            "test_acc_mean": 65.82000000000001,
            "test_acc_uncertainty": 1.331000000000003,
            "test_acc_std": 1.9620397549489133
        },
        "before_retrain": {
            "test_acc_list": [
                0.6673484692283496,
                0.6393484692283495,
                0.6383484692283495,
                0.7043484692283495,
                0.6533484692283495,
                0.6523484692283495,
                0.6733484692283496,
                0.6563484692283496,
                0.6693484692283496,
                0.6353484692283495
            ],
            "test_acc_mean": 65.89484692283494,
            "test_acc_uncertainty": 1.3700000000000045,
            "test_acc_std": 1.9734234213670412
        },
        "after_retrain": {
            "test_acc_list": [
                0.6643484692283496,
                0.6513484692283495,
                0.6453484692283495,
                0.7133484692283495,
                0.6453484692283495,
                0.6523484692283495,
                0.6773484692283496,
                0.6533484692283495,
                0.6733484692283496,
                0.6463484692283495
            ],
            "test_acc_mean": 66.22484692283496,
            "test_acc_uncertainty": 1.3804999999999978,
            "test_acc_std": 2.0216082706597733
        }
    },
    "delete_[ratio]_[5]": {
        "before_topoinf": {
            "test_acc_list": [
                0.658,
                0.651,
                0.643,
                0.702,
                0.642,
                0.641,
                0.677,
                0.651,
                0.677,
                0.64
            ],
            "test_acc_mean": 65.82000000000001,
            "test_acc_uncertainty": 1.3602499999999935,
            "test_acc_std": 1.9620397549489133
        },
        "before_retrain": {
            "test_acc_list": [
                0.6615,
                0.6485,
                0.6445,
                0.7104999999999999,
                0.6435,
                0.6505,
                0.6765,
                0.6535,
                0.6725,
                0.6505
            ],
            "test_acc_mean": 66.11999999999999,
            "test_acc_uncertainty": 1.3405000000000058,
            "test_acc_std": 1.958085799958726
        },
        "after_retrain": {
            "test_acc_list": [
                0.6785,
                0.6345,
                0.6635,
                0.7074999999999999,
                0.6525,
                0.6385,
                0.6805,
                0.6465,
                0.6775,
                0.6615
            ],
            "test_acc_mean": 66.41,
            "test_acc_uncertainty": 1.27024999999999,
            "test_acc_std": 2.1265935201631727
        }
    },