{"none": {"test_acc_list": [0.808, 0.782, 0.809, 0.806, 0.823], "test_acc_mean": 80.56, "test_acc_uncertainty": 1.3400000000000034, "test_acc_std": 1.324537655183875}, "pos": {"0.1": {"test_acc_list": [0.851, 0.837, 0.853, 0.838, 0.855], "test_acc_mean": 84.68, "test_acc_uncertainty": 0.6599999999999966, "test_acc_std": 0.7704544113703278}}, "neg": {"0.1": {"test_acc_list": [0.682, 0.663, 0.685, 0.679, 0.675], "test_acc_mean": 67.67999999999999, "test_acc_uncertainty": 0.7399999999999949, "test_acc_std": 0.7652450587883614}}}