{"none": {"test_acc_list": [0.808, 0.782, 0.809, 0.806, 0.823], "test_acc_mean": 80.56, "test_acc_uncertainty": 1.3205000000000098, "test_acc_std": 1.324537655183875}, "pos": {"0.0": {"test_acc_list": [0.808, 0.782, 0.809, 0.806, 0.823], "test_acc_mean": 80.56, "test_acc_uncertainty": 1.3400000000000034, "test_acc_std": 1.324537655183875}, "0.02898268819295857": {"test_acc_list": [0.816, 0.811, 0.806, 0.812, 0.809], "test_acc_mean": 81.08, "test_acc_uncertainty": 0.29999999999999716, "test_acc_std": 0.3310589071449324}, "0.05679828827076444": {"test_acc_list": [0.832, 0.817, 0.824, 0.814, 0.826], "test_acc_mean": 82.25999999999999, "test_acc_uncertainty": 0.5400000000000063, "test_acc_std": 0.6437390775772474}, "0.08500291772028788": {"test_acc_list": [0.836, 0.824, 0.822, 0.813, 0.827], "test_acc_mean": 82.44, "test_acc_uncertainty": 0.6400000000000006, "test_acc_std": 0.7445804187594505}, "0.11204045905465862": {"test_acc_list": [0.829, 0.826, 0.815, 0.813, 0.817], "test_acc_mean": 82.0, "test_acc_uncertainty": 0.539999999999992, "test_acc_std": 0.632455532033674}, "0.13499319198599494": {"test_acc_list": [0.844, 0.823, 0.846, 0.816, 0.831], "test_acc_mean": 83.2, "test_acc_uncertainty": 1.0200000000000102, "test_acc_std": 1.16447413024077}, "0.156389807430461": {"test_acc_list": [0.837, 0.834, 0.825, 0.824, 0.827], "test_acc_mean": 82.94, "test_acc_uncertainty": 0.45999999999999375, "test_acc_std": 0.5161395160225597}, "0.17603579070219802": {"test_acc_list": [0.859, 0.831, 0.835, 0.837, 0.839], "test_acc_mean": 84.02, "test_acc_uncertainty": 0.9599999999999937, "test_acc_std": 0.9765244492586996}, "0.19295856837191208": {"test_acc_list": [0.853, 0.834, 0.834, 0.835, 0.829], "test_acc_mean": 83.69999999999999, "test_acc_uncertainty": 0.8400000000000034, "test_acc_std": 0.827042925125415}, "0.20890877261233223": {"test_acc_list": [0.842, 0.844, 0.826, 0.828, 0.846], "test_acc_mean": 83.72, "test_acc_uncertainty": 0.7200000000000131, "test_acc_std": 0.8447484832777149}, "0.22194125656487065": {"test_acc_list": [0.843, 0.846, 0.838, 0.842, 0.841], "test_acc_mean": 84.2, "test_acc_uncertainty": 0.23999999999999488, "test_acc_std": 0.2607680962081053}, "0.2355572845749854": {"test_acc_list": [0.842, 0.848, 0.838, 0.848, 0.833], "test_acc_mean": 84.18, "test_acc_uncertainty": 0.4999999999999858, "test_acc_std": 0.581033561853358}, "0.2509239447578292": {"test_acc_list": [0.833, 0.851, 0.84, 0.841, 0.847], "test_acc_mean": 84.24, "test_acc_uncertainty": 0.519999999999996, "test_acc_std": 0.6183849933496123}, "0.2697918692861311": {"test_acc_list": [0.843, 0.838, 0.822, 0.846, 0.839], "test_acc_mean": 83.75999999999999, "test_acc_uncertainty": 0.9000000000000057, "test_acc_std": 0.830903123113642}}, "neg": {"0.0": {"test_acc_list": [0.808, 0.782, 0.809, 0.806, 0.823], "test_acc_mean": 80.56, "test_acc_uncertainty": 1.2800000000000011, "test_acc_std": 1.324537655183875}, "0.05699280295662323": {"test_acc_list": [0.768, 0.741, 0.769, 0.778, 0.783], "test_acc_mean": 76.78, "test_acc_uncertainty": 1.3999999999999915, "test_acc_std": 1.4524462124292257}, "0.10931725345263567": {"test_acc_list": [0.776, 0.742, 0.76, 0.745, 0.773], "test_acc_mean": 75.92, "test_acc_uncertainty": 1.240000000000009, "test_acc_std": 1.393413075868029}, "0.1573623808597549": {"test_acc_list": [0.761, 0.747, 0.765, 0.77, 0.749], "test_acc_mean": 75.84, "test_acc_uncertainty": 0.7800000000000011, "test_acc_std": 0.8979977728257437}, "0.20618556701030927": {"test_acc_list": [0.753, 0.731, 0.731, 0.737, 0.742], "test_acc_mean": 73.88, "test_acc_uncertainty": 0.7600000000000051, "test_acc_std": 0.8207313811473289}, "0.2524800622446995": {"test_acc_list": [0.737, 0.717, 0.74, 0.737, 0.713], "test_acc_mean": 72.88000000000001, "test_acc_uncertainty": 1.0200000000000102, "test_acc_std": 1.1391224692718525}, "0.30130324839525385": {"test_acc_list": [0.718, 0.692, 0.73, 0.715, 0.717], "test_acc_mean": 71.44, "test_acc_uncertainty": 1.240000000000009, "test_acc_std": 1.2370933675353732}, "0.35148803734681966": {"test_acc_list": [0.703, 0.688, 0.71, 0.715, 0.729], "test_acc_mean": 70.9, "test_acc_uncertainty": 1.2000000000000028, "test_acc_std": 1.3520355024924442}, "0.3942812682357518": {"test_acc_list": [0.703, 0.677, 0.703, 0.714, 0.722], "test_acc_mean": 70.38, "test_acc_uncertainty": 1.6399999999999864, "test_acc_std": 1.519736819321028}, "0.43765804318226026": {"test_acc_list": [0.68, 0.669, 0.696, 0.67, 0.708], "test_acc_mean": 68.46000000000001, "test_acc_uncertainty": 1.3005000000000138, "test_acc_std": 1.5199999999999971}, "0.48725928807624974": {"test_acc_list": [0.674, 0.639, 0.691, 0.667, 0.702], "test_acc_mean": 67.46000000000001, "test_acc_uncertainty": 1.8800000000000097, "test_acc_std": 2.1657331322210465}, "0.5286909161641704": {"test_acc_list": [0.658, 0.652, 0.686, 0.666, 0.699], "test_acc_mean": 67.22, "test_acc_uncertainty": 1.5999999999999943, "test_acc_std": 1.7645396000090203}}}