{"none": {"test_acc_list": [0.808, 0.782, 0.809, 0.806, 0.823], "test_acc_mean": 80.56, "test_acc_uncertainty": 1.3199999999999932, "test_acc_std": 1.324537655183875}, "pos": {"0.1": {"test_acc_list": [0.85, 0.843, 0.851, 0.835, 0.856], "test_acc_mean": 84.7, "test_acc_uncertainty": 0.6005000000000109, "test_acc_std": 0.729383301152417}}, "neg": {"0.1": {"test_acc_list": [0.683, 0.663, 0.685, 0.679, 0.671], "test_acc_mean": 67.62, "test_acc_uncertainty": 0.7210000000000036, "test_acc_std": 0.8158431221748478}}}