{"none": {"test_acc_list": [0.819, 0.801, 0.821, 0.82, 0.802], "test_acc_mean": 81.26, "test_acc_uncertainty": 0.7799999999999869, "test_acc_std": 0.9090654541890758}, "pos": {"0.0": {"test_acc_list": [0.819, 0.801, 0.821, 0.82, 0.802], "test_acc_mean": 81.26, "test_acc_uncertainty": 0.7599999999999909, "test_acc_std": 0.9090654541890758}, "0.02898268819295857": {"test_acc_list": [0.811, 0.804, 0.83, 0.822, 0.825], "test_acc_mean": 81.84, "test_acc_uncertainty": 0.8019999999999925, "test_acc_std": 0.9520504188329486}, "0.05679828827076444": {"test_acc_list": [0.83, 0.803, 0.833, 0.82, 0.832], "test_acc_mean": 82.36, "test_acc_uncertainty": 1.1400000000000006, "test_acc_std": 1.1288932633336026}, "0.08500291772028788": {"test_acc_list": [0.836, 0.821, 0.831, 0.829, 0.846], "test_acc_mean": 83.25999999999999, "test_acc_uncertainty": 0.7999999999999972, "test_acc_std": 0.8260750571225356}, "0.11204045905465862": {"test_acc_list": [0.846, 0.822, 0.833, 0.831, 0.839], "test_acc_mean": 83.41999999999999, "test_acc_uncertainty": 0.7400000000000091, "test_acc_std": 0.803492377064028}, "0.13499319198599494": {"test_acc_list": [0.825, 0.84, 0.83, 0.83, 0.842], "test_acc_mean": 83.34, "test_acc_uncertainty": 0.5799999999999841, "test_acc_std": 0.6499230723708775}, "0.156389807430461": {"test_acc_list": [0.826, 0.825, 0.841, 0.832, 0.839], "test_acc_mean": 83.25999999999999, "test_acc_uncertainty": 0.5799999999999983, "test_acc_std": 0.6529931086925783}, "0.17603579070219802": {"test_acc_list": [0.84, 0.837, 0.855, 0.839, 0.849], "test_acc_mean": 84.39999999999999, "test_acc_uncertainty": 0.6210000000000235, "test_acc_std": 0.6870225614927061}, "0.19295856837191208": {"test_acc_list": [0.835, 0.843, 0.852, 0.847, 0.836], "test_acc_mean": 84.25999999999999, "test_acc_uncertainty": 0.5805000000000149, "test_acc_std": 0.6468384651518514}, "0.20890877261233223": {"test_acc_list": [0.848, 0.845, 0.858, 0.843, 0.839], "test_acc_mean": 84.66, "test_acc_uncertainty": 0.5800000000000125, "test_acc_std": 0.6406246951218799}, "0.22194125656487065": {"test_acc_list": [0.849, 0.845, 0.86, 0.837, 0.842], "test_acc_mean": 84.66, "test_acc_uncertainty": 0.7599999999999909, "test_acc_std": 0.7761443164772887}, "0.2355572845749854": {"test_acc_list": [0.84, 0.852, 0.86, 0.84, 0.842], "test_acc_mean": 84.67999999999999, "test_acc_uncertainty": 0.6410000000000196, "test_acc_std": 0.795989949685296}, "0.2509239447578292": {"test_acc_list": [0.856, 0.84, 0.854, 0.84, 0.835], "test_acc_mean": 84.5, "test_acc_uncertainty": 0.7399999999999807, "test_acc_std": 0.8390470785361179}, "0.2697918692861311": {"test_acc_list": [0.857, 0.847, 0.856, 0.832, 0.832], "test_acc_mean": 84.47999999999999, "test_acc_uncertainty": 0.980000000000004, "test_acc_std": 1.1016351483136313}}, "neg": {"0.0": {"test_acc_list": [0.819, 0.801, 0.821, 0.82, 0.802], "test_acc_mean": 81.26, "test_acc_uncertainty": 0.7600000000000051, "test_acc_std": 0.9090654541890758}, "0.05699280295662323": {"test_acc_list": [0.793, 0.765, 0.78, 0.777, 0.784], "test_acc_mean": 77.97999999999999, "test_acc_uncertainty": 0.8605000000000018, "test_acc_std": 0.9152048950918035}, "0.10931725345263567": {"test_acc_list": [0.784, 0.756, 0.771, 0.767, 0.768], "test_acc_mean": 76.92, "test_acc_uncertainty": 0.8799999999999955, "test_acc_std": 0.8975522268926789}, "0.1573623808597549": {"test_acc_list": [0.774, 0.76, 0.773, 0.77, 0.771], "test_acc_mean": 76.96000000000001, "test_acc_uncertainty": 0.5, "test_acc_std": 0.5003998401278732}, "0.20618556701030927": {"test_acc_list": [0.765, 0.743, 0.743, 0.749, 0.745], "test_acc_mean": 74.9, "test_acc_uncertainty": 0.7999999999999972, "test_acc_std": 0.8294576541331096}, "0.2524800622446995": {"test_acc_list": [0.753, 0.739, 0.751, 0.729, 0.751], "test_acc_mean": 74.46, "test_acc_uncertainty": 0.9200000000000017, "test_acc_std": 0.9243376006633076}, "0.30130324839525385": {"test_acc_list": [0.739, 0.714, 0.704, 0.735, 0.726], "test_acc_mean": 72.35999999999999, "test_acc_uncertainty": 1.1200000000000045, "test_acc_std": 1.3032267646115978}, "0.35148803734681966": {"test_acc_list": [0.724, 0.702, 0.725, 0.719, 0.715], "test_acc_mean": 71.69999999999999, "test_acc_uncertainty": 0.7800000000000011, "test_acc_std": 0.8318653737234191}, "0.3942812682357518": {"test_acc_list": [0.711, 0.684, 0.724, 0.732, 0.709], "test_acc_mean": 71.19999999999999, "test_acc_uncertainty": 1.4599999999999795, "test_acc_std": 1.6358484037342804}, "0.43765804318226026": {"test_acc_list": [0.709, 0.683, 0.717, 0.72, 0.7], "test_acc_mean": 70.58, "test_acc_uncertainty": 1.2399999999999949, "test_acc_std": 1.3347658970770828}, "0.48725928807624974": {"test_acc_list": [0.704, 0.675, 0.712, 0.711, 0.69], "test_acc_mean": 69.83999999999999, "test_acc_uncertainty": 1.3004999999999995, "test_acc_std": 1.4093970341958284}, "0.5286909161641704": {"test_acc_list": [0.699, 0.68, 0.709, 0.696, 0.688], "test_acc_mean": 69.44, "test_acc_uncertainty": 0.8400000000000034, "test_acc_std": 0.9850888284819771}}}