{"none": {"test_acc_list": [0.819, 0.801, 0.821, 0.82, 0.802], "test_acc_mean": 81.26, "test_acc_uncertainty": 0.7600000000000051, "test_acc_std": 0.9090654541890758}, "pos": {"0.1": {"test_acc_list": [0.853, 0.843, 0.854, 0.847, 0.848], "test_acc_mean": 84.9, "test_acc_uncertainty": 0.35999999999999943, "test_acc_std": 0.4049691346263298}}, "neg": {"0.1": {"test_acc_list": [0.678, 0.676, 0.694, 0.675, 0.68], "test_acc_mean": 68.06, "test_acc_uncertainty": 0.7000000000000028, "test_acc_std": 0.6916646586316181}}}