{"none": {"test_acc_list": [0.819, 0.8, 0.821, 0.82, 0.802], "test_acc_mean": 81.24, "test_acc_uncertainty": 0.7999999999999972, "test_acc_std": 0.9350935782048739}, "pos": {"0.1": {"test_acc_list": [0.83, 0.833, 0.824, 0.826, 0.818], "test_acc_mean": 82.61999999999999, "test_acc_uncertainty": 0.4205000000000183, "test_acc_std": 0.515363949069006}}, "neg": {"0.1": {"test_acc_list": [0.641, 0.634, 0.658, 0.646, 0.625], "test_acc_mean": 64.08000000000001, "test_acc_uncertainty": 0.9800000000000111, "test_acc_std": 1.1124747188138704}}}