{"none": {"test_acc_list": [0.819, 0.801, 0.821, 0.82, 0.802], "test_acc_mean": 81.26, "test_acc_uncertainty": 0.7600000000000051, "test_acc_std": 0.9090654541890758}, "pos": {"0.1": {"test_acc_list": [0.819, 0.801, 0.821, 0.82, 0.802], "test_acc_mean": 81.26, "test_acc_uncertainty": 0.7600000000000051, "test_acc_std": 0.9090654541890758}}, "neg": {"0.1": {"test_acc_list": [0.819, 0.801, 0.821, 0.82, 0.802], "test_acc_mean": 81.26, "test_acc_uncertainty": 0.7800000000000011, "test_acc_std": 0.9090654541890758}}}