{"none": {"test_acc_list": [0.814, 0.813, 0.807, 0.796, 0.803], "test_acc_mean": 80.66, "test_acc_uncertainty": 0.6414999999999793, "test_acc_std": 0.6651315659326292}, "pos": {"0.1": {"test_acc_list": [0.856, 0.841, 0.852, 0.829, 0.848], "test_acc_mean": 84.52, "test_acc_uncertainty": 0.9000000000000057, "test_acc_std": 0.9495261976375399}}, "neg": {"0.1": {"test_acc_list": [0.672, 0.677, 0.685, 0.68, 0.691], "test_acc_mean": 68.1, "test_acc_uncertainty": 0.5999999999999943, "test_acc_std": 0.6542170893518422}}}