{"none": {"test_acc_list": [0.814, 0.813, 0.807, 0.796, 0.803], "test_acc_mean": 80.66, "test_acc_uncertainty": 0.6199999999999903, "test_acc_std": 0.6651315659326292}, "pos": {"0.0": {"test_acc_list": [0.814, 0.813, 0.807, 0.796, 0.803], "test_acc_mean": 80.66, "test_acc_uncertainty": 0.6199999999999903, "test_acc_std": 0.6651315659326292}, "0.02898268819295857": {"test_acc_list": [0.835, 0.809, 0.822, 0.793, 0.818], "test_acc_mean": 81.53999999999999, "test_acc_uncertainty": 1.2409999999999997, "test_acc_std": 1.3979985693841026}, "0.05679828827076444": {"test_acc_list": [0.83, 0.826, 0.825, 0.811, 0.826], "test_acc_mean": 82.35999999999999, "test_acc_uncertainty": 0.6599999999999824, "test_acc_std": 0.6529931086925762}, "0.08500291772028788": {"test_acc_list": [0.83, 0.826, 0.829, 0.809, 0.822], "test_acc_mean": 82.32, "test_acc_uncertainty": 0.7399999999999949, "test_acc_std": 0.7626270385975014}, "0.11204045905465862": {"test_acc_list": [0.839, 0.833, 0.827, 0.817, 0.831], "test_acc_mean": 82.93999999999998, "test_acc_uncertainty": 0.7600000000000051, "test_acc_std": 0.7310266752998844}, "0.13499319198599494": {"test_acc_list": [0.842, 0.831, 0.827, 0.818, 0.83], "test_acc_mean": 82.96000000000001, "test_acc_uncertainty": 0.7199999999999704, "test_acc_std": 0.7709734106958577}, "0.156389807430461": {"test_acc_list": [0.837, 0.837, 0.835, 0.824, 0.827], "test_acc_mean": 83.2, "test_acc_uncertainty": 0.4800000000000182, "test_acc_std": 0.5440588203494234}, "0.17603579070219802": {"test_acc_list": [0.847, 0.841, 0.843, 0.828, 0.84], "test_acc_mean": 83.98, "test_acc_uncertainty": 0.6200000000000045, "test_acc_std": 0.6368673331236275}, "0.19295856837191208": {"test_acc_list": [0.832, 0.833, 0.852, 0.834, 0.841], "test_acc_mean": 83.83999999999999, "test_acc_uncertainty": 0.7000000000000028, "test_acc_std": 0.7499333303701086}, "0.20890877261233223": {"test_acc_list": [0.846, 0.84, 0.848, 0.844, 0.833], "test_acc_mean": 84.22, "test_acc_uncertainty": 0.480000000000004, "test_acc_std": 0.530659966456863}, "0.22194125656487065": {"test_acc_list": [0.844, 0.847, 0.844, 0.841, 0.848], "test_acc_mean": 84.48, "test_acc_uncertainty": 0.21999999999999886, "test_acc_std": 0.24819347291981975}, "0.2355572845749854": {"test_acc_list": [0.843, 0.84, 0.845, 0.84, 0.845], "test_acc_mean": 84.26, "test_acc_uncertainty": 0.20000000000000284, "test_acc_std": 0.2244994432064364}, "0.2509239447578292": {"test_acc_list": [0.849, 0.844, 0.852, 0.858, 0.845], "test_acc_mean": 84.96000000000001, "test_acc_uncertainty": 0.45999999999999375, "test_acc_std": 0.5083306010855548}, "0.2697918692861311": {"test_acc_list": [0.84, 0.845, 0.847, 0.846, 0.841], "test_acc_mean": 84.38, "test_acc_uncertainty": 0.23999999999999488, "test_acc_std": 0.2785677655436833}}, "neg": {"0.0": {"test_acc_list": [0.814, 0.813, 0.807, 0.796, 0.803], "test_acc_mean": 80.66, "test_acc_uncertainty": 0.6199999999999903, "test_acc_std": 0.6651315659326292}, "0.05699280295662323": {"test_acc_list": [0.78, 0.768, 0.776, 0.771, 0.778], "test_acc_mean": 77.46000000000001, "test_acc_uncertainty": 0.4000000000000057, "test_acc_std": 0.4454211490264013}, "0.10931725345263567": {"test_acc_list": [0.762, 0.763, 0.759, 0.756, 0.77], "test_acc_mean": 76.2, "test_acc_uncertainty": 0.44000000000001194, "test_acc_std": 0.46904157598234353}, "0.1573623808597549": {"test_acc_list": [0.756, 0.757, 0.77, 0.743, 0.769], "test_acc_mean": 75.9, "test_acc_uncertainty": 0.8000000000000114, "test_acc_std": 0.9899494936611688}, "0.20618556701030927": {"test_acc_list": [0.74, 0.743, 0.749, 0.745, 0.746], "test_acc_mean": 74.46000000000001, "test_acc_uncertainty": 0.28000000000000114, "test_acc_std": 0.3006659275674596}, "0.2524800622446995": {"test_acc_list": [0.73, 0.721, 0.722, 0.716, 0.717], "test_acc_mean": 72.11999999999999, "test_acc_uncertainty": 0.4399999999999977, "test_acc_std": 0.49558046773455555}, "0.30130324839525385": {"test_acc_list": [0.717, 0.721, 0.73, 0.702, 0.707], "test_acc_mean": 71.53999999999999, "test_acc_uncertainty": 0.9200000000000017, "test_acc_std": 0.9971960689854348}, "0.35148803734681966": {"test_acc_list": [0.696, 0.708, 0.711, 0.703, 0.724], "test_acc_mean": 70.83999999999999, "test_acc_uncertainty": 0.8799999999999955, "test_acc_std": 0.9308061022576064}, "0.3942812682357518": {"test_acc_list": [0.7, 0.695, 0.706, 0.684, 0.708], "test_acc_mean": 69.86, "test_acc_uncertainty": 0.8199999999999932, "test_acc_std": 0.8616263691415171}, "0.43765804318226026": {"test_acc_list": [0.661, 0.685, 0.681, 0.676, 0.683], "test_acc_mean": 67.72000000000001, "test_acc_uncertainty": 0.8399999999999892, "test_acc_std": 0.863481325796915}, "0.48725928807624974": {"test_acc_list": [0.675, 0.677, 0.673, 0.661, 0.682], "test_acc_mean": 67.36, "test_acc_uncertainty": 0.6999999999999886, "test_acc_std": 0.6974238309665055}, "0.5286909161641704": {"test_acc_list": [0.654, 0.645, 0.689, 0.65, 0.654], "test_acc_mean": 65.84, "test_acc_uncertainty": 1.579999999999984, "test_acc_std": 1.5653753543479556}}}