{"none": {"test_acc_list": [0.814, 0.813, 0.807, 0.796, 0.803], "test_acc_mean": 80.66, "test_acc_uncertainty": 0.5799999999999841, "test_acc_std": 0.6651315659326292}, "pos": {"0.1": {"test_acc_list": [0.855, 0.845, 0.851, 0.826, 0.849], "test_acc_mean": 84.52, "test_acc_uncertainty": 0.9999999999999858, "test_acc_std": 1.012719112093774}}, "neg": {"0.1": {"test_acc_list": [0.672, 0.677, 0.685, 0.68, 0.691], "test_acc_mean": 68.1, "test_acc_uncertainty": 0.6200000000000045, "test_acc_std": 0.6542170893518422}}}