{"none": {"test_acc_list": [0.814, 0.813, 0.807, 0.796, 0.803], "test_acc_mean": 80.66, "test_acc_uncertainty": 0.5799999999999841, "test_acc_std": 0.6651315659326292}, "pos": {"0.1": {"test_acc_list": [0.814, 0.813, 0.807, 0.796, 0.803], "test_acc_mean": 80.66, "test_acc_uncertainty": 0.5600000000000023, "test_acc_std": 0.6651315659326292}}, "neg": {"0.1": {"test_acc_list": [0.814, 0.813, 0.807, 0.796, 0.803], "test_acc_mean": 80.66, "test_acc_uncertainty": 0.5600000000000023, "test_acc_std": 0.6651315659326292}}}