{"none": {"test_acc_list": [0.792, 0.777, 0.778, 0.779, 0.775], "test_acc_mean": 78.02000000000001, "test_acc_uncertainty": 0.6200000000000045, "test_acc_std": 0.6046486583132398}, "pos": {"0.0": {"test_acc_list": [0.792, 0.777, 0.778, 0.779, 0.775], "test_acc_mean": 78.02000000000001, "test_acc_uncertainty": 0.5799999999999841, "test_acc_std": 0.6046486583132398}, "0.038785581031473795": {"test_acc_list": [0.801, 0.809, 0.817, 0.803, 0.805], "test_acc_mean": 80.7, "test_acc_uncertainty": 0.519999999999996, "test_acc_std": 0.565685424949231}, "0.0764578443762412": {"test_acc_list": [0.817, 0.804, 0.809, 0.814, 0.812], "test_acc_mean": 81.11999999999999, "test_acc_uncertainty": 0.4199999999999875, "test_acc_std": 0.44452221541785103}, "0.11295661069988566": {"test_acc_list": [0.815, 0.808, 0.812, 0.802, 0.806], "test_acc_mean": 80.86, "test_acc_uncertainty": 0.38000000000000966, "test_acc_std": 0.4543126676640202}, "0.1488836733465728": {"test_acc_list": [0.816, 0.802, 0.813, 0.812, 0.817], "test_acc_mean": 81.2, "test_acc_uncertainty": 0.5200000000000102, "test_acc_std": 0.5329165037789649}, "0.18180176927243186": {"test_acc_list": [0.825, 0.827, 0.818, 0.811, 0.815], "test_acc_mean": 81.92, "test_acc_uncertainty": 0.539999999999992, "test_acc_std": 0.6013318551349112}, "0.21402780285250045": {"test_acc_list": [0.823, 0.833, 0.82, 0.825, 0.829], "test_acc_mean": 82.6, "test_acc_uncertainty": 0.4200000000000159, "test_acc_std": 0.4560701700396536}, "0.24255280736595053": {"test_acc_list": [0.828, 0.831, 0.834, 0.821, 0.836], "test_acc_mean": 83.0, "test_acc_uncertainty": 0.46050000000001035, "test_acc_std": 0.5253570214625473}, "0.2704459288680267": {"test_acc_list": [0.843, 0.831, 0.833, 0.838, 0.84], "test_acc_mean": 83.7, "test_acc_uncertainty": 0.38000000000000966, "test_acc_std": 0.4427188724235743}, "0.29605223566227357": {"test_acc_list": [0.837, 0.837, 0.822, 0.829, 0.836], "test_acc_mean": 83.22, "test_acc_uncertainty": 0.5800000000000125, "test_acc_std": 0.5912698199637844}, "0.32024432809773123": {"test_acc_list": [0.836, 0.841, 0.822, 0.83, 0.827], "test_acc_mean": 83.11999999999999, "test_acc_uncertainty": 0.6600000000000108, "test_acc_std": 0.6675327707311475}, "0.3417885298188602": {"test_acc_list": [0.84, 0.845, 0.832, 0.825, 0.829], "test_acc_mean": 83.41999999999999, "test_acc_uncertainty": 0.6600000000000108, "test_acc_std": 0.730479294709988}, "0.36426551122344586": {"test_acc_list": [0.841, 0.851, 0.833, 0.84, 0.841], "test_acc_mean": 84.12, "test_acc_uncertainty": 0.5599999999999881, "test_acc_std": 0.5741080037762919}, "0.38701329963290604": {"test_acc_list": [0.86, 0.85, 0.832, 0.841, 0.84], "test_acc_mean": 84.46, "test_acc_uncertainty": 0.9400000000000119, "test_acc_std": 0.958331884056875}}, "neg": {"0.0": {"test_acc_list": [0.792, 0.777, 0.778, 0.779, 0.775], "test_acc_mean": 78.02000000000001, "test_acc_uncertainty": 0.6199999999999903, "test_acc_std": 0.6046486583132398}, "0.0579226093759403": {"test_acc_list": [0.766, 0.756, 0.757, 0.749, 0.758], "test_acc_mean": 75.72, "test_acc_uncertainty": 0.5005000000000024, "test_acc_std": 0.5418486873657592}, "0.1144610940602997": {"test_acc_list": [0.747, 0.742, 0.745, 0.735, 0.738], "test_acc_mean": 74.14, "test_acc_uncertainty": 0.40100000000001046, "test_acc_std": 0.4409081537009733}, "0.17154119275440813": {"test_acc_list": [0.733, 0.739, 0.743, 0.736, 0.729], "test_acc_mean": 73.6, "test_acc_uncertainty": 0.4200000000000159, "test_acc_std": 0.4816637831516945}, "0.22561232472768852": {"test_acc_list": [0.713, 0.722, 0.732, 0.725, 0.73], "test_acc_mean": 72.44, "test_acc_uncertainty": 0.6199999999999903, "test_acc_std": 0.6711184694225021}, "0.2798339050370103": {"test_acc_list": [0.716, 0.721, 0.716, 0.723, 0.717], "test_acc_mean": 71.85999999999999, "test_acc_uncertainty": 0.2600000000000193, "test_acc_std": 0.2870540018881464}, "0.3319191189745441": {"test_acc_list": [0.711, 0.697, 0.716, 0.712, 0.712], "test_acc_mean": 70.96, "test_acc_uncertainty": 0.6799999999999926, "test_acc_std": 0.6529931086925838}, "0.3822591322139977": {"test_acc_list": [0.708, 0.69, 0.681, 0.711, 0.699], "test_acc_mean": 69.78, "test_acc_uncertainty": 0.9599999999999937, "test_acc_std": 1.1160645142642918}, "0.42983089607028946": {"test_acc_list": [0.703, 0.694, 0.683, 0.698, 0.701], "test_acc_mean": 69.58, "test_acc_uncertainty": 0.6599999999999966, "test_acc_std": 0.7082372483850257}, "0.47255822350604804": {"test_acc_list": [0.699, 0.683, 0.673, 0.691, 0.699], "test_acc_mean": 68.9, "test_acc_uncertainty": 0.8799999999999955, "test_acc_std": 0.9959919678390899}, "0.5154660889450563": {"test_acc_list": [0.692, 0.689, 0.664, 0.691, 0.655], "test_acc_mean": 67.82, "test_acc_uncertainty": 1.3999999999999915, "test_acc_std": 1.5561490931141475}}}