{"none": {"test_acc_list": [0.775, 0.781, 0.791, 0.786, 0.782], "test_acc_mean": 78.30000000000001, "test_acc_uncertainty": 0.5, "test_acc_std": 0.5329165037789719}, "pos": {"0.0": {"test_acc_list": [0.775, 0.781, 0.791, 0.786, 0.782], "test_acc_mean": 78.30000000000001, "test_acc_uncertainty": 0.5, "test_acc_std": 0.5329165037789719}, "0.038785581031473795": {"test_acc_list": [0.811, 0.808, 0.816, 0.814, 0.812], "test_acc_mean": 81.22, "test_acc_uncertainty": 0.23999999999999488, "test_acc_std": 0.2712931993250037}, "0.0764578443762412": {"test_acc_list": [0.814, 0.815, 0.824, 0.817, 0.81], "test_acc_mean": 81.6, "test_acc_uncertainty": 0.4200000000000017, "test_acc_std": 0.46043457732885085}, "0.11295661069988566": {"test_acc_list": [0.813, 0.82, 0.826, 0.816, 0.815], "test_acc_mean": 81.8, "test_acc_uncertainty": 0.38049999999999784, "test_acc_std": 0.4604345773288527}, "0.1488836733465728": {"test_acc_list": [0.819, 0.818, 0.813, 0.818, 0.808], "test_acc_mean": 81.52000000000001, "test_acc_uncertainty": 0.4000000000000057, "test_acc_std": 0.4166533331199872}, "0.18180176927243186": {"test_acc_list": [0.823, 0.807, 0.82, 0.819, 0.818], "test_acc_mean": 81.74, "test_acc_uncertainty": 0.539999999999992, "test_acc_std": 0.5462600113499043}, "0.21402780285250045": {"test_acc_list": [0.827, 0.831, 0.84, 0.832, 0.826], "test_acc_mean": 83.12, "test_acc_uncertainty": 0.4405000000000001, "test_acc_std": 0.49558046773455794}, "0.24255280736595053": {"test_acc_list": [0.835, 0.823, 0.845, 0.829, 0.824], "test_acc_mean": 83.11999999999999, "test_acc_uncertainty": 0.7400000000000091, "test_acc_std": 0.8109253973085343}, "0.2704459288680267": {"test_acc_list": [0.828, 0.828, 0.84, 0.839, 0.836], "test_acc_mean": 83.42, "test_acc_uncertainty": 0.45999999999999375, "test_acc_std": 0.5230678732248802}, "0.29605223566227357": {"test_acc_list": [0.837, 0.83, 0.829, 0.836, 0.828], "test_acc_mean": 83.19999999999999, "test_acc_uncertainty": 0.3200000000000216, "test_acc_std": 0.37416573867739567}, "0.32024432809773123": {"test_acc_list": [0.831, 0.824, 0.844, 0.84, 0.833], "test_acc_mean": 83.44, "test_acc_uncertainty": 0.6199999999999903, "test_acc_std": 0.7002856560004647}, "0.3417885298188602": {"test_acc_list": [0.827, 0.833, 0.85, 0.849, 0.838], "test_acc_mean": 83.94, "test_acc_uncertainty": 0.7800000000000011, "test_acc_std": 0.8957678270623495}, "0.36426551122344586": {"test_acc_list": [0.848, 0.826, 0.85, 0.844, 0.836], "test_acc_mean": 84.08, "test_acc_uncertainty": 0.8010000000000019, "test_acc_std": 0.8818163074019456}, "0.38701329963290604": {"test_acc_list": [0.849, 0.83, 0.857, 0.849, 0.842], "test_acc_mean": 84.53999999999999, "test_acc_uncertainty": 0.8199999999999932, "test_acc_std": 0.9046546302318904}}, "neg": {"0.0": {"test_acc_list": [0.775, 0.781, 0.791, 0.786, 0.782], "test_acc_mean": 78.30000000000001, "test_acc_uncertainty": 0.5, "test_acc_std": 0.5329165037789719}, "0.0579226093759403": {"test_acc_list": [0.755, 0.751, 0.767, 0.76, 0.753], "test_acc_mean": 75.72, "test_acc_uncertainty": 0.5600000000000023, "test_acc_std": 0.5741080037762956}, "0.1144610940602997": {"test_acc_list": [0.746, 0.741, 0.751, 0.742, 0.741], "test_acc_mean": 74.42, "test_acc_uncertainty": 0.37999999999999545, "test_acc_std": 0.38678159211627333}, "0.17154119275440813": {"test_acc_list": [0.725, 0.74, 0.725, 0.729, 0.738], "test_acc_mean": 73.14, "test_acc_uncertainty": 0.5600000000000023, "test_acc_std": 0.6406246951218787}, "0.22561232472768852": {"test_acc_list": [0.718, 0.726, 0.737, 0.718, 0.733], "test_acc_mean": 72.64, "test_acc_uncertainty": 0.6799999999999926, "test_acc_std": 0.7709734106958569}, "0.2798339050370103": {"test_acc_list": [0.705, 0.72, 0.733, 0.715, 0.713], "test_acc_mean": 71.72, "test_acc_uncertainty": 0.8005000000000138, "test_acc_std": 0.9260669522232172}, "0.3319191189745441": {"test_acc_list": [0.7, 0.716, 0.721, 0.719, 0.716], "test_acc_mean": 71.43999999999998, "test_acc_uncertainty": 0.7399999999999807, "test_acc_std": 0.7445804187594488}, "0.3822591322139977": {"test_acc_list": [0.709, 0.714, 0.72, 0.705, 0.705], "test_acc_mean": 71.05999999999999, "test_acc_uncertainty": 0.5799999999999983, "test_acc_std": 0.574804314527996}, "0.42983089607028946": {"test_acc_list": [0.694, 0.709, 0.712, 0.703, 0.707], "test_acc_mean": 70.5, "test_acc_uncertainty": 0.5800000000000125, "test_acc_std": 0.6228964600959004}, "0.47255822350604804": {"test_acc_list": [0.698, 0.69, 0.699, 0.69, 0.691], "test_acc_mean": 69.35999999999999, "test_acc_uncertainty": 0.3400000000000176, "test_acc_std": 0.40298883359219556}, "0.5154660889450563": {"test_acc_list": [0.682, 0.681, 0.702, 0.69, 0.691], "test_acc_mean": 68.92, "test_acc_uncertainty": 0.6399999999999864, "test_acc_std": 0.7573638491504531}}}