{
    "delete_[ratio]_[1]": {
        "before_topoinf": {
            "test_acc_list": [
                0.771,
                0.783,
                0.768,
                0.78,
                0.786,
                0.775,
                0.775,
                0.78,
                0.763,
                0.778
            ],
            "test_acc_mean": 77.59,
            "test_acc_uncertainty": 0.4200000000000017,
            "test_acc_std": 0.6670082458260929
        },
        "before_retrain": {
            "test_acc_list": [
                0.7755,
                0.7845,
                0.7725,
                0.7875,
                0.7875,
                0.7765,
                0.7795,
                0.7835,
                0.7675,
                0.7815
            ],
            "test_acc_mean": 77.96000000000001,
            "test_acc_uncertainty": 0.37024999999999864,
            "test_acc_std": 0.6252199612936237
        },
        "after_retrain": {
            "test_acc_list": [
                0.7775,
                0.7865,
                0.7775,
                0.7935,
                0.7765,
                0.7855,
                0.7725,
                0.7815,
                0.7765,
                0.7815
            ],
            "test_acc_mean": 78.08999999999999,
            "test_acc_uncertainty": 0.38000000000000966,
            "test_acc_std": 0.5868560300448472
        }
    },
    "delete_[ratio]_[2]": {
        "before_topoinf": {
            "test_acc_list": [
                0.771,
                0.783,
                0.768,
                0.78,
                0.786,
                0.775,
                0.775,
                0.78,
                0.763,
                0.778
            ],
            "test_acc_mean": 77.59,
            "test_acc_uncertainty": 0.4102500000000049,
            "test_acc_std": 0.6670082458260929
        },
        "before_retrain": {
            "test_acc_list": [
                0.785,
                0.788,
                0.782,
                0.794,
                0.779,
                0.79,
                0.77,
                0.783,
                0.777,
                0.78
            ],
            "test_acc_mean": 78.28000000000002,
            "test_acc_uncertainty": 0.4100000000000108,
            "test_acc_std": 0.6554387843269577
        },
        "after_retrain": {
            "test_acc_list": [
                0.777,
                0.767,
                0.786,
                0.783,
                0.782,
                0.802,
                0.78,
                0.783,
                0.778,
                0.782
            ],
            "test_acc_mean": 78.2,
            "test_acc_uncertainty": 0.5300000000000011,
            "test_acc_std": 0.8294576541331093
        }
    },
    "delete_[ratio]_[3]": {
        "before_topoinf": {
            "test_acc_list": [
                0.771,
                0.783,
                0.768,
                0.78,
                0.786,
                0.775,
                0.775,
                0.78,
                0.763,
                0.778
            ],
            "test_acc_mean": 77.59,
            "test_acc_uncertainty": 0.39000000000000057,
            "test_acc_std": 0.6670082458260929
        },
        "before_retrain": {
            "test_acc_list": [
                0.7798738635424338,
                0.7688738635424338,
                0.7878738635424338,
                0.7848738635424338,
                0.7838738635424338,
                0.8018738635424338,
                0.7788738635424338,
                0.7838738635424338,
                0.7758738635424338,
                0.7828738635424338
            ],
            "test_acc_mean": 78.28738635424338,
            "test_acc_uncertainty": 0.4902500000000032,
            "test_acc_std": 0.8136338242723223
        },
        "after_retrain": {
            "test_acc_list": [
                0.7838738635424338,
                0.7878738635424338,
                0.7838738635424338,
                0.7868738635424338,
                0.7848738635424338,
                0.7908738635424338,
                0.7668738635424338,
                0.7858738635424338,
                0.7798738635424338,
                0.7808738635424338
            ],
            "test_acc_mean": 78.31738635424338,
            "test_acc_uncertainty": 0.4200000000000017,
            "test_acc_std": 0.6229767250868992
        }
    },
    "delete_[ratio]_[4]": {
        "before_topoinf": {
            "test_acc_list": [
                0.771,
                0.783,
                0.768,
                0.78,
                0.786,
                0.775,
                0.775,
                0.78,
                0.763,
                0.778
            ],
            "test_acc_mean": 77.59,
            "test_acc_uncertainty": 0.4200000000000017,
            "test_acc_std": 0.6670082458260929
        },
        "before_retrain": {
            "test_acc_list": [
                0.7793484692283495,
                0.7853484692283496,
                0.7853484692283496,
                0.7863484692283496,
                0.7893484692283496,
                0.7893484692283496,
                0.7683484692283495,
                0.7873484692283496,
                0.7853484692283496,
                0.7803484692283496
            ],
            "test_acc_mean": 78.36484692283496,
            "test_acc_uncertainty": 0.4099999999999966,
            "test_acc_std": 0.5984145720150869
        },
        "after_retrain": {
            "test_acc_list": [
                0.7793484692283495,
                0.7793484692283495,
                0.7823484692283496,
                0.7883484692283496,
                0.7853484692283496,
                0.7913484692283496,
                0.7913484692283496,
                0.7873484692283496,
                0.7793484692283495,
                0.7933484692283496
            ],
            "test_acc_mean": 78.57484692283495,
            "test_acc_uncertainty": 0.3400000000000034,
            "test_acc_std": 0.514198405287299
        }
    },
    "delete_[ratio]_[5]": {
        "before_topoinf": {
            "test_acc_list": [
                0.771,
                0.783,
                0.768,
                0.78,
                0.786,
                0.775,
                0.775,
                0.78,
                0.763,
                0.778
            ],
            "test_acc_mean": 77.59,
            "test_acc_uncertainty": 0.45000000000000284,
            "test_acc_std": 0.6670082458260929
        },
        "before_retrain": {
            "test_acc_list": [
                0.7835,
                0.7805,
                0.7845,
                0.7865,
                0.7855,
                0.7915,
                0.7895,
                0.7875,
                0.7785,
                0.7915
            ],
            "test_acc_mean": 78.59,
            "test_acc_uncertainty": 0.27000000000001023,
            "test_acc_std": 0.4127953488110053
        },
        "after_retrain": {
            "test_acc_list": [
                0.7835,
                0.7895,
                0.7835,
                0.7845,
                0.7845,
                0.7875,
                0.7765,
                0.7865,
                0.7815,
                0.7815
            ],
            "test_acc_mean": 78.39,
            "test_acc_uncertainty": 0.22000000000001307,
            "test_acc_std": 0.3440930106817081
        }
    },
    "delete_[ratio]_[6]": {
        "before_topoinf": {
            "test_acc_list": [
                0.771,
                0.783,
                0.768,
                0.78,
                0.786,
                0.775,
                0.775,
                0.78,
                0.763,
                0.778
            ],
            "test_acc_mean": 77.59,