{
    "delete_[ratio]_[0.01]": {
        "before_topoinf": {
            "test_acc_list": [
                0.819,
                0.801,
                0.821,
                0.82,
                0.802,
                0.827,
                0.818,
                0.802,
                0.824,
                0.816
            ],
            "test_acc_mean": 81.5,
            "test_acc_uncertainty": 0.5900000000000034,
            "test_acc_std": 0.9197825830053481
        },
        "before_retrain": {
            "test_acc_list": [
                0.817,
                0.792,
                0.82,
                0.812,
                0.798,
                0.821,
                0.81,
                0.796,
                0.821,
                0.816
            ],
            "test_acc_mean": 81.03,
            "test_acc_uncertainty": 0.6902499999999918,
            "test_acc_std": 1.045992351788477
        },
        "after_retrain": {
            "test_acc_list": [
                0.819,
                0.807,
                0.799,
                0.805,
                0.813,
                0.795,
                0.796,
                0.807,
                0.805,
                0.803
            ],
            "test_acc_mean": 80.49000000000001,
            "test_acc_uncertainty": 0.46025000000000205,
            "test_acc_std": 0.6992138442565299
        }
    },
    "delete_[ratio]_[0.02]": {
        "before_topoinf": {
            "test_acc_list": [
                0.819,
                0.801,
                0.821,
                0.82,
                0.802,
                0.827,
                0.818,
                0.802,
                0.824,
                0.816
            ],
            "test_acc_mean": 81.5,
            "test_acc_uncertainty": 0.6099999999999852,
            "test_acc_std": 0.9197825830053481
        },
        "before_retrain": {
            "test_acc_list": [
                0.812,
                0.802,
                0.796,
                0.804,
                0.807,
                0.789,
                0.789,
                0.805,
                0.8,
                0.803
            ],
            "test_acc_mean": 80.07000000000001,
            "test_acc_uncertainty": 0.4899999999999949,
            "test_acc_std": 0.7071774883294848
        },
        "after_retrain": {
            "test_acc_list": [
                0.806,
                0.794,
                0.8,
                0.801,
                0.801,
                0.798,
                0.799,
                0.808,
                0.799,
                0.812
            ],
            "test_acc_mean": 80.18,
            "test_acc_uncertainty": 0.3299999999999983,
            "test_acc_std": 0.5055689863905816
        }
    },
    "delete_[ratio]_[0.03]": {
        "before_topoinf": {
            "test_acc_list": [
                0.819,
                0.801,
                0.821,
                0.82,
                0.802,
                0.827,
                0.818,
                0.802,
                0.824,
                0.816
            ],
            "test_acc_mean": 81.5,
            "test_acc_uncertainty": 0.5702499999999873,
            "test_acc_std": 0.9197825830053481
        },
        "before_retrain": {
            "test_acc_list": [
                0.801,
                0.789,
                0.795,
                0.799,
                0.796,
                0.792,
                0.794,
                0.805,
                0.792,
                0.803
            ],
            "test_acc_mean": 79.66000000000001,
            "test_acc_uncertainty": 0.3199999999999932,
            "test_acc_std": 0.49638694583963494
        },
        "after_retrain": {
            "test_acc_list": [
                0.794,
                0.788,
                0.795,
                0.798,
                0.792,
                0.783,
                0.793,
                0.797,
                0.795,
                0.791
            ],
            "test_acc_mean": 79.26,
            "test_acc_uncertainty": 0.28025000000000944,
            "test_acc_std": 0.42237424163886
        }
    },
    "delete_[ratio]_[0.04]": {
        "before_topoinf": {
            "test_acc_list": [
                0.819,
                0.801,
                0.821,
                0.82,
                0.802,
                0.827,
                0.818,
                0.802,
                0.824,
                0.816
            ],
            "test_acc_mean": 81.5,
            "test_acc_uncertainty": 0.6199999999999903,
            "test_acc_std": 0.9197825830053481
        },
        "before_retrain": {
            "test_acc_list": [
                0.793,
                0.779,
                0.785,
                0.799,
                0.784,
                0.775,
                0.79,
                0.792,
                0.789,
                0.789
            ],
            "test_acc_mean": 78.75,
            "test_acc_uncertainty": 0.4200000000000017,
            "test_acc_std": 0.6637017402418048
        },
        "after_retrain": {
            "test_acc_list": [
                0.803,
                0.79,
                0.784,
                0.797,
                0.778,
                0.789,
                0.789,
                0.785,
                0.785,
                0.795
            ],
            "test_acc_mean": 78.95,
            "test_acc_uncertainty": 0.4305000000000234,
            "test_acc_std": 0.6873863542433785
        }
    },
    "delete_[ratio]_[0.05]": {
        "before_topoinf": {
            "test_acc_list": [
                0.819,
                0.801,
                0.821,
                0.82,
                0.802,
                0.827,
                0.818,
                0.802,
                0.824,
                0.816
            ],
            "test_acc_mean": 81.5,
            "test_acc_uncertainty": 0.5802499999999924,
            "test_acc_std": 0.9197825830053481
        },
        "before_retrain": {
            "test_acc_list": [
                0.798,
                0.783,
                0.781,
                0.786,
                0.774,
                0.782,
                0.791,
                0.782,
                0.78,
                0.792
            ],
            "test_acc_mean": 78.49000000000001,
            "test_acc_uncertainty": 0.4199999999999875,
            "test_acc_std": 0.6624952830020773
        },
        "after_retrain": {
            "test_acc_list": [
                0.796,
                0.784,
                0.786,
                0.793,
                0.771,
                0.779,
                0.797,
                0.79,
                0.789,
                0.796
            ],
            "test_acc_mean": 78.80999999999999,
            "test_acc_uncertainty": 0.510249999999985,
            "test_acc_std": 0.7930321557162725
        }
    },
    "delete_[ratio]_[0.060000000000000005]": {
        "before_topoinf": {
            "test_acc_list": [
                0.819,
                0.801,
                0.821,
                0.82,
                0.802,
                0.827,
                0.818,
                0.802,
                0.824,
                0.816
            ],
            "test_acc_mean": 81.5,
            "test_acc_uncertainty": 0.5802499999999924,
            "test_acc_std": 0.9197825830053481
        },
        "before_retrain": {
            "test_acc_list": [
                0.793,
                0.782,
                0.777,
                0.789,
                0.768,
                0.772,
                0.79,
                0.78,
                0.787,
                0.797
            ],
            "test_acc_mean": 78.35000000000001,
            "test_acc_uncertainty": 0.5900000000000034,
            "test_acc_std": 0.886848352312841
        },