{"delete_[ratio]_[0.01]": {"before_topoinf": {"test_acc_list": [0.799, 0.807, 0.799, 0.795, 0.816, 0.809, 0.798, 0.802, 0.806, 0.804], "test_acc_mean": 80.35, "test_acc_uncertainty": 0.3500000000000085, "test_acc_std": 0.5920304046246253}, "before_retrain": {"test_acc_list": [0.789, 0.792, 0.784, 0.78, 0.804, 0.793, 0.788, 0.791, 0.796, 0.79], "test_acc_mean": 79.07000000000001, "test_acc_uncertainty": 0.38000000000000966, "test_acc_std": 0.6181423784210249}, "after_retrain": {"test_acc_list": [0.804, 0.804, 0.804, 0.804, 0.804, 0.804, 0.804, 0.804, 0.804, 0.804], "test_acc_mean": 80.4, "test_acc_uncertainty": 0.0, "test_acc_std": 0.0}}, "delete_[ratio]_[0.02]": {"before_topoinf": {"test_acc_list": [0.799, 0.807, 0.799, 0.795, 0.816, 0.809, 0.798, 0.802, 0.806, 0.804], "test_acc_mean": 80.35, "test_acc_uncertainty": 0.39000000000000057, "test_acc_std": 0.5920304046246253}, "before_retrain": {"test_acc_list": [0.799, 0.799, 0.799, 0.799, 0.799, 0.799, 0.799, 0.799, 0.799, 0.799], "test_acc_mean": 79.9, "test_acc_uncertainty": 0.0, "test_acc_std": 0.0}, "after_retrain": {"test_acc_list": [0.802, 0.802, 0.802, 0.802, 0.802, 0.802, 0.802, 0.802, 0.802, 0.802], "test_acc_mean": 80.20000000000002, "test_acc_uncertainty": 0.0, "test_acc_std": 1.4210854715202004e-14}}, "delete_[ratio]_[0.03]": {"before_topoinf": {"test_acc_list": [0.799, 0.807, 0.799, 0.795, 0.816, 0.809, 0.798, 0.802, 0.806, 0.804], "test_acc_mean": 80.35, "test_acc_uncertainty": 0.400250000000014, "test_acc_std": 0.5920304046246253}, "before_retrain": {"test_acc_list": [0.799, 0.799, 0.799, 0.799, 0.799, 0.799, 0.799, 0.799, 0.799, 0.799], "test_acc_mean": 79.9, "test_acc_uncertainty": 0.0, "test_acc_std": 0.0}, "after_retrain": {"test_acc_list": [0.808, 0.808, 0.808, 0.808, 0.808, 0.808, 0.808, 0.808, 0.808, 0.808], "test_acc_mean": 80.8, "test_acc_uncertainty": 0.0, "test_acc_std": 1.4210854715202004e-14}}, "delete_[ratio]_[0.04]": {"before_topoinf": {"test_acc_list": [0.799, 0.807, 0.799, 0.795, 0.816, 0.809, 0.798, 0.802, 0.806, 0.804], "test_acc_mean": 80.35, "test_acc_uncertainty": 0.3502499999999742, "test_acc_std": 0.5920304046246253}, "before_retrain": {"test_acc_list": [0.802, 0.802, 0.802, 0.802, 0.802, 0.802, 0.802, 0.802, 0.802, 0.802], "test_acc_mean": 80.20000000000002, "test_acc_uncertainty": 0.0, "test_acc_std": 1.4210854715202004e-14}, "after_retrain": {"test_acc_list": [0.787, 0.787, 0.787, 0.787, 0.787, 0.787, 0.787, 0.787, 0.787, 0.787], "test_acc_mean": 78.70000000000002, "test_acc_uncertainty": 0.0, "test_acc_std": 1.4210854715202004e-14}}, "delete_[ratio]_[0.05]": {"before_topoinf": {"test_acc_list": [0.799, 0.807, 0.799, 0.795, 0.816, 0.809, 0.798, 0.802, 0.806, 0.804], "test_acc_mean": 80.35, "test_acc_uncertainty": 0.3900000000000148, "test_acc_std": 0.5920304046246253}, "before_retrain": {"test_acc_list": [0.785, 0.785, 0.785, 0.785, 0.785, 0.785, 0.785, 0.785, 0.785, 0.785], "test_acc_mean": 78.5, "test_acc_uncertainty": 0.0, "test_acc_std": 0.0}, "after_retrain": {"test_acc_list": [0.784, 0.784, 0.784, 0.784, 0.784, 0.784, 0.784, 0.784, 0.784, 0.784], "test_acc_mean": 78.4, "test_acc_uncertainty": 0.0, "test_acc_std": 0.0}}, "delete_[ratio]_[0.06]": {"before_topoinf": {"test_acc_list": [0.799, 0.807, 0.799, 0.795, 0.816, 0.809, 0.798, 0.802, 0.806, 0.804], "test_acc_mean": 80.35, "test_acc_uncertainty": 0.37000000000000455, "test_acc_std": 0.5920304046246253}, "before_retrain": {"test_acc_list": [0.777, 0.777, 0.777, 0.777, 0.777, 0.777, 0.777, 0.777, 0.777, 0.777], "test_acc_mean": 77.70000000000002, "test_acc_uncertainty": 0.0, "test_acc_std": 1.4210854715202004e-14}, "after_retrain": {"test_acc_list": [0.784, 0.784, 0.784, 0.784, 0.784, 0.784, 0.784, 0.784, 0.784, 0.784], "test_acc_mean": 78.4, "test_acc_uncertainty": 0.0, "test_acc_std": 0.0}}, "delete_[ratio]_[0.07]": {"before_topoinf": {"test_acc_list": [0.799, 0.807, 0.799, 0.795, 0.816, 0.809, 0.798, 0.802, 0.806, 0.804], "test_acc_mean": 80.35, "test_acc_uncertainty": 0.37000000000000455, "test_acc_std": 0.5920304046246253}, "before_retrain": {"test_acc_list": [0.781, 0.781, 0.781, 0.781, 0.781, 0.781, 0.781, 0.781, 0.781, 0.781], "test_acc_mean": 78.10000000000001, "test_acc_uncertainty": 0.0, "test_acc_std": 0.0}, "after_retrain": {"test_acc_list": [0.779, 0.779, 0.779, 0.779, 0.779, 0.779, 0.779, 0.779, 0.779, 0.779], "test_acc_mean": 77.9, "test_acc_uncertainty": 0.0, "test_acc_std": 0.0}}, "delete_[ratio]_[0.08]": {"before_topoinf": {"test_acc_list": [0.799, 0.807, 0.799, 0.795, 0.816, 0.809, 0.798, 0.802, 0.806, 0.804], "test_acc_mean": 80.35, "test_acc_uncertainty": 0.37000000000001876, "test_acc_std": 0.5920304046246253}, "before_retrain": {"test_acc_list": [0.777, 0.777, 0.777, 0.777, 0.777, 0.777, 0.777, 0.777, 0.777, 0.777], "test_acc_mean": 77.70000000000002, "test_acc_uncertainty": 0.0, "test_acc_std": 1.4210854715202004e-14}, "after_retrain": {"test_acc_list": [0.785, 0.785, 0.785, 0.785, 0.785, 0.785, 0.785, 0.785, 0.785, 0.785], "test_acc_mean": 78.5, "test_acc_uncertainty": 0.0, "test_acc_std": 0.0}}}