{
    "delete_[ratio]_[1]": {
        "before_topoinf": {
            "test_acc_list": [
                0.815,
                0.806,
                0.799,
                0.793,
                0.81,
                0.812,
                0.801,
                0.804,
                0.794,
                0.811
            ],
            "test_acc_mean": 80.45,
            "test_acc_uncertainty": 0.46025000000000205,
            "test_acc_std": 0.7256031973468694
        },
        "before_retrain": {
            "test_acc_list": [
                0.812,
                0.805,
                0.8,
                0.788,
                0.807,
                0.8130000000000001,
                0.802,
                0.807,
                0.797,
                0.808
            ],
            "test_acc_mean": 80.39000000000001,
            "test_acc_uncertainty": 0.4700000000000131,
            "test_acc_std": 0.7105631569396237
        },
        "after_retrain": {
            "test_acc_list": [
                0.818,
                0.829,
                0.808,
                0.804,
                0.794,
                0.802,
                0.829,
                0.821,
                0.794,
                0.8140000000000001
            ],
            "test_acc_mean": 81.13,
            "test_acc_uncertainty": 0.769999999999996,
            "test_acc_std": 1.2337341690980221
        }
    },
    "delete_[ratio]_[2]": {
        "before_topoinf": {
            "test_acc_list": [
                0.815,
                0.806,
                0.799,
                0.793,
                0.81,
                0.812,
                0.801,
                0.804,
                0.794,
                0.811
            ],
            "test_acc_mean": 80.45,
            "test_acc_uncertainty": 0.44000000000001194,
            "test_acc_std": 0.7256031973468694
        },
        "before_retrain": {
            "test_acc_list": [
                0.82,
                0.828,
                0.807,
                0.801,
                0.792,
                0.804,
                0.829,
                0.823,
                0.797,
                0.817
            ],
            "test_acc_mean": 81.18000000000002,
            "test_acc_uncertainty": 0.7602500000000276,
            "test_acc_std": 1.2607934009979547
        },
        "after_retrain": {
            "test_acc_list": [
                0.808,
                0.822,
                0.8160000000000001,
                0.799,
                0.805,
                0.81,
                0.822,
                0.82,
                0.806,
                0.82
            ],
            "test_acc_mean": 81.28,
            "test_acc_uncertainty": 0.4999999999999858,
            "test_acc_std": 0.7820485918406813
        }
    },
    "delete_[ratio]_[3]": {
        "before_topoinf": {
            "test_acc_list": [
                0.815,
                0.806,
                0.799,
                0.793,
                0.81,
                0.812,
                0.801,
                0.804,
                0.794,
                0.811
            ],
            "test_acc_mean": 80.45,
            "test_acc_uncertainty": 0.46999999999999886,
            "test_acc_std": 0.7256031973468694
        },
        "before_retrain": {
            "test_acc_list": [
                0.8075825756949558,
                0.8225825756949557,
                0.8135825756949558,
                0.8015825756949558,
                0.8075825756949558,
                0.8095825756949558,
                0.8195825756949557,
                0.8145825756949558,
                0.8015825756949558,
                0.8185825756949557
            ],
            "test_acc_mean": 81.16825756949558,
            "test_acc_uncertainty": 0.4100000000000108,
            "test_acc_std": 0.6949100661236617
        },
        "after_retrain": {
            "test_acc_list": [
                0.8175825756949557,
                0.8275825756949557,
                0.7965825756949558,
                0.7965825756949558,
                0.7925825756949558,
                0.8135825756949558,
                0.8245825756949557,
                0.8165825756949558,
                0.7885825756949558,
                0.8145825756949558
            ],
            "test_acc_mean": 80.88825756949558,
            "test_acc_uncertainty": 0.8402499999999975,
            "test_acc_std": 1.3289469515371894
        }
    },
    "delete_[ratio]_[4]": {
        "before_topoinf": {
            "test_acc_list": [
                0.815,
                0.806,
                0.799,
                0.793,
                0.81,
                0.812,
                0.801,
                0.804,
                0.794,
                0.811
            ],
            "test_acc_mean": 80.45,
            "test_acc_uncertainty": 0.4399999999999977,
            "test_acc_std": 0.7256031973468694
        },
        "before_retrain": {
            "test_acc_list": [
                0.8158989794855664,
                0.8228989794855663,
                0.7978989794855664,
                0.7968989794855664,
                0.7908989794855664,
                0.8158989794855664,
                0.8238989794855663,
                0.8138989794855664,
                0.7958989794855664,
                0.8148989794855664
            ],
            "test_acc_mean": 80.88989794855664,
            "test_acc_uncertainty": 0.720249999999993,
            "test_acc_std": 1.1567194992736975
        },
        "after_retrain": {
            "test_acc_list": [
                0.8228989794855663,
                0.8348989794855664,
                0.8138989794855664,
                0.7968989794855664,
                0.7998989794855664,
                0.8108989794855664,
                0.8168989794855664,
                0.8158989794855664,
                0.8158989794855664,
                0.8168989794855664
            ],
            "test_acc_mean": 81.44989794855664,
            "test_acc_uncertainty": 0.6199999999999903,
            "test_acc_std": 1.0190191362285552
        }
    },
    "delete_[ratio]_[5]": {
        "before_topoinf": {
            "test_acc_list": [
                0.815,
                0.806,
                0.799,
                0.793,
                0.81,
                0.812,
                0.801,
                0.804,
                0.794,
                0.811
            ],
            "test_acc_mean": 80.45,
            "test_acc_uncertainty": 0.46999999999999886,
            "test_acc_std": 0.7256031973468694
        },
        "before_retrain": {
            "test_acc_list": [
                0.824,
                0.83,
                0.8150000000000001,
                0.793,
                0.799,
                0.809,
                0.8160000000000001,
                0.8130000000000001,
                0.8150000000000001,
                0.822
            ],
            "test_acc_mean": 81.36000000000001,
            "test_acc_uncertainty": 0.7199999999999989,
            "test_acc_std": 1.056598315349781
        },
        "after_retrain": {
            "test_acc_list": [
                0.821,
                0.828,
                0.8160000000000001,
                0.796,
                0.82,
                0.805,
                0.81,
                0.82,
                0.81,
                0.82
            ],
            "test_acc_mean": 81.46000000000001,
            "test_acc_uncertainty": 0.5799999999999983,
            "test_acc_std": 0.8890444308357123
        }
    },
    "delete_[ratio]_[6]": {
        "before_topoinf": {
            "test_acc_list": [
                0.815,
                0.806,
                0.799,
                0.793,
                0.81,
                0.812,
                0.801,
                0.804,
                0.794,
                0.811
            ],